dataset_id,canonical_dataset_path,raw_exists,interim_exists,current_h5ad,legacy_raw_path
GDT_2020AUG_woCOV,data/datasets/GDT_2020AUG_woCOV,true,false,data/datasets/GDT_2020AUG_woCOV/processed/current.h5ad,newdata/Sorted_gdT
GDTlung2023july_7p,data/datasets/GDTlung2023july_7p,true,false,data/datasets/GDTlung2023july_7p/processed/current.h5ad,newdata/Sorted_gdT
GSE123813,data/datasets/GSE123813,true,false,,downloads/GSE123813
GSE125527,data/datasets/GSE125527,true,false,data/datasets/GSE125527/processed/current.h5ad,downloads/GSE125527
GSE139555,data/datasets/GSE139555,true,true,data/datasets/GSE139555/processed/current.h5ad,downloads/GSE139555
GSE144469,data/datasets/GSE144469,true,true,data/datasets/GSE144469/processed/current.h5ad,downloads/GSE144469
GSE145926,data/datasets/GSE145926,true,true,data/datasets/GSE145926/processed/current.h5ad,downloads/GSE145926
GSE149298,data/datasets/GSE149298,true,false,,downloads/GSE149298
GSE155222,data/datasets/GSE155222,true,true,data/datasets/GSE155222/processed/current.h5ad,downloads/GSE155222
GSE155223,data/datasets/GSE155223,true,true,data/datasets/GSE155223/processed/current.h5ad,downloads/GSE155223
GSE161918,data/datasets/GSE161918,true,true,data/datasets/GSE161918/processed/current.h5ad,downloads/GSE161918
GSE162498,data/datasets/GSE162498,true,true,data/datasets/GSE162498/processed/current.h5ad,downloads/GSE162498
GSE162499,data/datasets/GSE162499,true,false,,downloads/GSE162499
GSE168163,data/datasets/GSE168163,true,false,data/datasets/GSE168163/processed/current.h5ad,downloads/GSE168163
GSE168859,data/datasets/GSE168859,true,false,data/datasets/GSE168859/processed/current.h5ad,downloads/GSE168859
GSE169441,data/datasets/GSE169441,true,false,,downloads/GSE169441
GSE171037,data/datasets/GSE171037,true,true,data/datasets/GSE171037/processed/current.h5ad,downloads/GSE171037
GSE175930,data/datasets/GSE175930,true,false,,downloads/GSE175930
GSE178882,data/datasets/GSE178882,true,true,data/datasets/GSE178882/processed/current.h5ad,downloads/GSE178882
GSE179994,data/datasets/GSE179994,true,false,data/datasets/GSE179994/processed/current.h5ad,downloads/GSE179994
GSE181710,data/datasets/GSE181710,true,false,,downloads/GSE181710
GSE188620,data/datasets/GSE188620,true,true,data/datasets/GSE188620/processed/current.h5ad,downloads/GSE188620
GSE189126,data/datasets/GSE189126,true,false,,downloads/GSE189126
GSE190870,data/datasets/GSE190870,true,true,data/datasets/GSE190870/processed/current.h5ad,downloads/GSE190870
GSE198265,data/datasets/GSE198265,true,false,,downloads/GSE198265
GSE206325,data/datasets/GSE206325,false,false,data/datasets/GSE206325/processed/current.h5ad,
GSE211504,data/datasets/GSE211504,true,true,data/datasets/GSE211504/processed/current.h5ad,downloads/GSE211504
GSE212217,data/datasets/GSE212217,true,true,data/datasets/GSE212217/processed/current.h5ad,downloads/GSE212217
GSE221776,data/datasets/GSE221776,true,false,data/datasets/GSE221776/processed/current.h5ad,downloads/GSE221776
GSE227709,data/datasets/GSE227709,true,true,data/datasets/GSE227709/processed/current.h5ad,downloads/GSE227709
GSE228597,data/datasets/GSE228597,true,true,data/datasets/GSE228597/processed/current.h5ad,downloads/GSE228597
GSE229858,data/datasets/GSE229858,true,false,data/datasets/GSE229858/processed/current.h5ad,downloads/GSE229858
GSE229860,data/datasets/GSE229860,true,false,,downloads/GSE229860
GSE232240,data/datasets/GSE232240,true,false,data/datasets/GSE232240/processed/current.h5ad,downloads/GSE232240
GSE234069,data/datasets/GSE234069,true,false,data/datasets/GSE234069/processed/current.h5ad,downloads/GSE234069
GSE234352,data/datasets/GSE234352,true,false,,downloads/GSE234352
GSE235863,data/datasets/GSE235863,true,false,data/datasets/GSE235863/processed/current.h5ad,downloads/GSE235863
GSE240361,data/datasets/GSE240361,true,false,data/datasets/GSE240361/processed/current.h5ad,downloads/GSE240361
GSE240865,data/datasets/GSE240865,true,false,data/datasets/GSE240865/processed/current.h5ad,downloads/GSE240865
GSE241783,data/datasets/GSE241783,true,true,data/datasets/GSE241783/processed/current.h5ad,downloads/GSE241783
GSE243013,data/datasets/GSE243013,false,true,data/datasets/GSE243013/processed/current.h5ad,
GSE243572,data/datasets/GSE243572,true,true,data/datasets/GSE243572/processed/current.h5ad,downloads/GSE243572
GSE243905,data/datasets/GSE243905,true,true,data/datasets/GSE243905/processed/current.h5ad,downloads/GSE243905
GSE247531,data/datasets/GSE247531,true,false,,downloads/GSE247531
GSE252762,data/datasets/GSE252762,true,true,data/datasets/GSE252762/processed/current.h5ad,downloads/GSE252762
GSE253173,data/datasets/GSE253173,true,false,,downloads/GSE253173
GSE254176,data/datasets/GSE254176,true,true,data/datasets/GSE254176/processed/current.h5ad,downloads/GSE254176
GSE254249,data/datasets/GSE254249,true,true,data/datasets/GSE254249/processed/current.h5ad,downloads/GSE254249
GSE267639,data/datasets/GSE267639,true,false,,downloads/GSE267639
GSE267642,data/datasets/GSE267642,true,false,,downloads/GSE267642
GSE267645,data/datasets/GSE267645,true,true,data/datasets/GSE267645/processed/current.h5ad,downloads/GSE267645
GSE271413,data/datasets/GSE271413,true,false,,downloads/GSE271413
GSE273170,data/datasets/GSE273170,true,false,,downloads/GSE273170
GSE276167,data/datasets/GSE276167,true,false,,downloads/GSE276167
GSE278119,data/datasets/GSE278119,true,false,,downloads/GSE278119
GSE286518,data/datasets/GSE286518,true,false,,downloads/GSE286518
GSE287301,data/datasets/GSE287301,true,false,data/datasets/GSE287301/processed/current.h5ad,downloads/GSE287301
GSE287541,data/datasets/GSE287541,true,false,data/datasets/GSE287541/processed/current.h5ad,downloads/GSE287541
GSE288452,data/datasets/GSE288452,true,false,,downloads/GSE288452
GSE296971,data/datasets/GSE296971,true,false,,downloads/GSE296971
GSE301528,data/datasets/GSE301528,true,true,data/datasets/GSE301528/processed/current.h5ad,downloads/GSE301528
GSE308075,data/datasets/GSE308075,true,true,data/datasets/GSE308075/processed/current.h5ad,downloads/GSE308075
GSE311112,data/datasets/GSE311112,true,true,data/datasets/GSE311112/processed/current.h5ad,downloads/GSE311112
HRA005041,data/datasets/HRA005041,true,false,data/datasets/HRA005041/processed/current.h5ad,newdata/HRA005041
MalteGDT,data/datasets/MalteGDT,true,false,data/datasets/MalteGDT/processed/current.h5ad,newdata/Sorted_gdT
