obs_name,source_gse_id,phase3_sanitization_reason,phase3_total_counts
GSE162498__CGTCTACTCGCGATCG-1-2,GSE162498,extreme_library_size,153008.0
GSE162498__GACACGCTCTTACCTA-1-2,GSE162498,extreme_library_size,270398.0
GSE162498__GCACATAGTTCCACTC-1-2,GSE162498,extreme_library_size,317505.0
GSE162498__GGGACCTTCAACGAAA-1-2,GSE162498,extreme_library_size,100714.0
GSE162498__TAGCCGGGTATCTGCA-1-2,GSE162498,extreme_library_size,121367.0
GSE162498__ATCCGAAGTTGGTAAA-1-4,GSE162498,extreme_library_size,138972.0
GSE171037__AGAGAATTCGGTATGT-1-5,GSE171037,extreme_library_size,112928.0
GSE171037__TTCATTGCACGACGCT-1-5,GSE171037,extreme_library_size,112703.0
GSE171037__CGAGTTAAGGAGAGTA-1-6,GSE171037,extreme_library_size,286175.0
GSE171037__ATTCTACTCAAAGGTA-1-12,GSE171037,extreme_library_size,122891.0
GSE171037__CGGAGAAAGGACAGTC-1-12,GSE171037,extreme_library_size,104414.0
GSE171037__TAACTTCGTCCCACGA-1-12,GSE171037,extreme_library_size,188909.0
GSE171037__GTCTTTAGTATCGATC-1-13,GSE171037,extreme_library_size,116893.0
GSE171037__TTCTCTCGTATGTCTG-1-13,GSE171037,extreme_library_size,147964.0
GSE254176__CATCAGAAGATGTTAG-1-14,GSE254176,extreme_library_size,110320.0
GSE301528__AGGCCACTCAGTGCAT-1-8,GSE301528,extreme_library_size,127739.0
GSE301528__ATCGAGTCAAGCGAGT-1-8,GSE301528,extreme_library_size,118682.0
GSE301528__CGAGCCACAGTTAACC-1-8,GSE301528,extreme_library_size,120538.0
GSE301528__CGGTTAAGTAGGCATG-1-8,GSE301528,extreme_library_size,145533.0
GSE287301__CAGCATGGTGTAACGT-2,GSE287301,extreme_library_size,118836.0
GSE287301__GTCTGCACAACGTACT-2,GSE287301,extreme_library_size,107542.0
GSE287301__GTGACGTTCGCTTCAT-2,GSE287301,extreme_library_size,137749.0
GSE287301__GCATCGTAGCTAGATT-7,GSE287301,extreme_library_size,107422.0
GSE287301__GGCACTCCAGTCCTAG-7,GSE287301,extreme_library_size,119237.0
GSE287301__GTCCGCAAGCCGCGTA-8,GSE287301,extreme_library_size,105190.0
GSE287301__ATCGAGACAAACCCAT-9,GSE287301,extreme_library_size,100023.0
GSE287301__AACCCCTGTGTTCTAT-11,GSE287301,extreme_library_size,124149.0
GSE287301__ACCAGATGTGGAAGTA-11,GSE287301,extreme_library_size,120825.0
GSE287301__ACTCATACAAAGTAAC-11,GSE287301,extreme_library_size,111170.0
GSE287301__AGTGCAGAGATACGGG-11,GSE287301,extreme_library_size,104067.0
GSE287301__GGCTCATAGAGTTTAC-11,GSE287301,extreme_library_size,134733.0
GSE287301__ACCTGTCGTATGCTCC-12,GSE287301,extreme_library_size,343372.0
GSE287301__AGCCGTTAGGCCATAC-12,GSE287301,extreme_library_size,123151.0
GSE287301__ATATCTGCAGCTCAAT-12,GSE287301,extreme_library_size,186025.0
GSE287301__ATCAACCCAAGGGGAA-12,GSE287301,extreme_library_size,119550.0
GSE287301__CCTGGCTTCGGACATC-12,GSE287301,extreme_library_size,285657.0
GSE287301__CCTTGTGTCAGCTGTA-12,GSE287301,extreme_library_size,109451.0
GSE287301__CTAACGGGTGTAGCGC-12,GSE287301,extreme_library_size,284155.0
GSE287301__CTAGGTCAGCTAGGAG-12,GSE287301,extreme_library_size,227677.0
GSE287301__CTATTGTGTCACATGG-12,GSE287301,extreme_library_size,114978.0
GSE287301__CTCACCTCAAGTGTCT-12,GSE287301,extreme_library_size,281607.0
GSE287301__CTGTATCTCAGTTGGC-12,GSE287301,extreme_library_size,111043.0
GSE287301__CTTAATCGTGTATCTT-12,GSE287301,extreme_library_size,251567.0
GSE287301__GCTAACTCAACATCCG-12,GSE287301,extreme_library_size,302099.0
GSE287301__GGAACGGGTGGGTATT-12,GSE287301,extreme_library_size,182591.0
GSE287301__GTATCGATCAGTCCGG-12,GSE287301,extreme_library_size,282584.0
GSE287301__AGCATCGGTCCAGTAG-13,GSE287301,extreme_library_size,137937.0
GSE287301__AGGGCAATCGCGTATA-13,GSE287301,extreme_library_size,128451.0
GSE287301__AGTAAGCAGCGTTGGT-13,GSE287301,extreme_library_size,112204.0
GSE287301__AGTCAATTCGGTCGCA-13,GSE287301,extreme_library_size,128305.0
GSE287301__AGTGAGAGTAACCCGA-13,GSE287301,extreme_library_size,113628.0
GSE287301__ATAGGGCCACATTTAG-13,GSE287301,extreme_library_size,106666.0
GSE287301__ATGCGGTTCCGGTCGA-13,GSE287301,extreme_library_size,117001.0
GSE287301__CGCTTCGGTAGGGGAT-13,GSE287301,extreme_library_size,133466.0
GSE287301__GGTGGTTTCGTGCAGT-13,GSE287301,extreme_library_size,102589.0
GSE287301__ACATGTGTCAAGGTAA-15,GSE287301,extreme_library_size,112275.0
GSE287301__AGACGGGGTAGGACGG-15,GSE287301,extreme_library_size,141345.0
GSE287301__CATTAGCCAGCGGGTA-15,GSE287301,extreme_library_size,104789.0
GSE287301__CTGACAATCATGTCCT-15,GSE287301,extreme_library_size,102497.0
GSE287301__GCGACGACAGTTGAAG-15,GSE287301,extreme_library_size,103367.0
GSE287301__GCTACTTTCGCATCAA-15,GSE287301,extreme_library_size,100367.0
GSE287301__GCTCCACTCAGTCGCG-15,GSE287301,extreme_library_size,127997.0
GSE287301__GGTTGGGCACTAGCGC-15,GSE287301,extreme_library_size,132725.0
GSE287301__GTCTTCCCAGTGGCGA-15,GSE287301,extreme_library_size,134122.0
GSE287301__AACGATAAGAACGTGG-16,GSE287301,extreme_library_size,158112.0
GSE287301__ACTATGAGTCGAGTCA-16,GSE287301,extreme_library_size,115430.0
GSE287301__ACTTACACACAAATGG-16,GSE287301,extreme_library_size,217539.0
GSE287301__ACTTGCCGTCACTAGG-16,GSE287301,extreme_library_size,181857.0
GSE287301__AGCTTGGGTATCGCAG-16,GSE287301,extreme_library_size,159242.0
GSE287301__AGTATGCGTGTGGATT-16,GSE287301,extreme_library_size,116747.0
GSE287301__CACAGGTTCGTAACTG-16,GSE287301,extreme_library_size,131031.0
GSE287301__CATTACGAGCCTAGCG-16,GSE287301,extreme_library_size,128548.0
GSE287301__CTACTTTCACTATAAT-16,GSE287301,extreme_library_size,111760.0
GSE287301__CTTAGCGCAACTTAGC-16,GSE287301,extreme_library_size,134866.0
GSE287301__CTTAGGCAGGCTTGAC-16,GSE287301,extreme_library_size,100419.0
GSE287301__GCTCATAAGGTTCTAG-16,GSE287301,extreme_library_size,121795.0
GSE287301__GGCAATTGTATTGGGT-16,GSE287301,extreme_library_size,132360.0
GSE287301__GTCCAACAGATAGGCG-16,GSE287301,extreme_library_size,149561.0
