dataset_id,profile_id,total_cells,predicted_gdT,predicted_rate,abT_n,abT_fp,abT_fpr,paired_abT_n,paired_abT_fp,paired_abT_fpr,single_abT_n,single_abT_fp,single_abT_fpr,strict_NK_n,strict_NK_fp,strict_NK_fpr,no_TCR_n,no_TCR_calls,model
GSE114724,v2_high_f1,28652,742,0.0258969705430685,26893,67,0.0024913546275982,23789,19,0.0007986884694606,3104,48,0.0154639175257731,8,2,0.25,1759,675,V2 high-F1
GSE114724,v2_high_purity,28652,701,0.024466005863465,26893,51,0.0018964042687688,23789,9,0.0003783261171129,3104,42,0.0135309278350515,8,2,0.25,1759,650,V2 high-purity
GSE114724,v3_round12_high_purity,28652,678,0.023663269579785,26893,36,0.0013386383073662,23789,5,0.0002101811761738,3104,31,0.0099871134020618,8,2,0.25,1759,642,V3 Round 12
GSE114724,v3_round14_balanced,28652,726,0.0253385453022476,26893,58,0.0021566950507567,23789,14,0.0005885072932868,3104,44,0.0141752577319587,8,2,0.25,1759,668,V3 Round 14
GSE121636_GSE121637,v2_high_f1,18793,2219,0.1180758793167668,11439,142,0.012413672523822,8094,16,0.001976772918211,3345,126,0.0376681614349775,2016,255,0.1264880952380952,7354,2077,V2 high-F1
GSE121636_GSE121637,v2_high_purity,18793,1353,0.0719948917150002,11439,101,0.008829443133141,8094,13,0.0016061279960464,3345,88,0.0263079222720478,2016,3,0.0014880952380952,7354,1252,V2 high-purity
GSE121636_GSE121637,v3_round12_high_purity,18793,995,0.0529452455701591,11439,170,0.01486143893697,8094,8,0.0009883864591055,3345,162,0.0484304932735426,2016,26,0.0128968253968253,7354,825,V3 Round 12
GSE121636_GSE121637,v3_round14_balanced,18793,1084,0.0576810514553291,11439,121,0.010577847713961,8094,13,0.0016061279960464,3345,108,0.032286995515695,2016,22,0.0109126984126984,7354,963,V3 Round 14
GSE159251,v2_high_f1,68898,965,0.0140062120816279,53773,557,0.0103583582838971,32420,322,0.0099321406539173,21353,235,0.0110054793237484,106,4,0.0377358490566037,15125,408,V2 high-F1
GSE159251,v2_high_purity,68898,733,0.0106389154982728,53773,420,0.0078106112733156,32420,248,0.0076495990129549,21353,172,0.0080550742284456,106,1,0.0094339622641509,15125,313,V2 high-purity
GSE159251,v3_round12_high_purity,68898,627,0.0091004093007053,53773,308,0.0057277816004314,32420,200,0.0061690314620604,21353,108,0.0050578373062333,106,4,0.0377358490566037,15125,319,V3 Round 12
GSE159251,v3_round14_balanced,68898,768,0.0111469128276582,53773,407,0.0075688542577129,32420,241,0.0074336829117828,21353,166,0.0077740832669882,106,4,0.0377358490566037,15125,361,V3 Round 14
GSE169246,v2_high_f1,354373,35620,0.1005155584652329,54925,75,0.0013654984069185,54925,75,0.0013654984069185,0,0,,47258,9663,0.2044733166871217,299448,35545,V2 high-F1
GSE169246,v2_high_purity,354373,18869,0.053246155886594,54925,56,0.0010195721438324,54925,56,0.0010195721438324,0,0,,47258,423,0.0089508654619323,299448,18813,V2 high-purity
GSE169246,v3_round12_high_purity,354373,13384,0.0377681143879471,54925,30,0.0005461993627674,54925,30,0.0005461993627674,0,0,,47258,701,0.0148334673494434,299448,13354,V3 Round 12
GSE169246,v3_round14_balanced,354373,15440,0.043569910800202,54925,46,0.0008375056895766,54925,46,0.0008375056895766,0,0,,47258,871,0.0184307418849718,299448,15394,V3 Round 14
GSE292700,v2_high_f1,78254,2080,0.0265801109208474,24577,34,0.0013834072506815,16903,6,0.0003549665739809,7674,28,0.0036486838676048,21362,770,0.0360453141091658,53677,2046,V2 high-F1
GSE292700,v2_high_purity,78254,749,0.0095713957114013,24577,23,0.0009358343166375,16903,3,0.0001774832869904,7674,20,0.0026062027625749,21362,80,0.0037449676996535,53677,726,V2 high-purity
GSE292700,v3_round12_high_purity,78254,312,0.0039870166381271,24577,16,0.0006510151767913,16903,0,0.0,7674,16,0.0020849622100599,21362,98,0.0045875854320756,53677,296,V3 Round 12
GSE292700,v3_round14_balanced,78254,929,0.0118715976180131,24577,26,0.0010578996622858,16903,3,0.0001774832869904,7674,23,0.0029971331769611,21362,299,0.0139968167774552,53677,903,V3 Round 14
GSE294273_GSE294274,v2_high_f1,55744,1246,0.0223521814006888,36221,129,0.0035614698655476,27838,14,0.0005029096917882,8383,115,0.0137182392938089,1464,54,0.0368852459016393,19523,1117,V2 high-F1
GSE294273_GSE294274,v2_high_purity,55744,943,0.0169166188289322,36221,98,0.0027056127660749,27838,10,0.0003592212084201,8383,88,0.0104974352856972,1464,8,0.0054644808743169,19523,845,V2 high-purity
GSE294273_GSE294274,v3_round12_high_purity,55744,882,0.0158223306544202,36221,81,0.0022362717760415,27838,5,0.00017961060421,8383,76,0.0090659668376476,1464,26,0.01775956284153,19523,801,V3 Round 12
GSE294273_GSE294274,v3_round14_balanced,55744,998,0.0179032721010332,36221,113,0.0031197371690455,27838,12,0.0004310654501041,8383,101,0.0120481927710843,1464,26,0.01775956284153,19523,885,V3 Round 14
GSE296954,v2_high_f1,86608,2283,0.0263601514871605,63405,184,0.0029019793391688,51063,60,0.0011750190940602,12342,124,0.0100469940042132,220,22,0.1,23203,2099,V2 high-F1
GSE296954,v2_high_purity,86608,2058,0.0237622390541289,63405,128,0.0020187682359435,51063,37,0.0007245951080038,12342,91,0.0073731972127694,220,8,0.0363636363636363,23203,1930,V2 high-purity
GSE296954,v3_round12_high_purity,86608,2023,0.023358119342324,63405,105,0.0016560208185474,51063,30,0.0005875095470301,12342,75,0.0060768108896451,220,15,0.0681818181818181,23203,1918,V3 Round 12
GSE296954,v3_round14_balanced,86608,2171,0.0250669684093848,63405,156,0.0024603737875561,51063,49,0.0009595989268158,12342,107,0.0086695835358936,220,18,0.0818181818181818,23203,2015,V3 Round 14
GSE315928,v2_high_f1,66813,49,0.0007333902084923,66813,49,0.0007333902084923,66813,49,0.0007333902084923,0,0,,0,0,,0,0,V2 high-F1
GSE315928,v2_high_purity,66813,35,0.0005238501489231,66813,35,0.0005238501489231,66813,35,0.0005238501489231,0,0,,0,0,,0,0,V2 high-purity
GSE315928,v3_round12_high_purity,66813,21,0.0003143100893538,66813,21,0.0003143100893538,66813,21,0.0003143100893538,0,0,,0,0,,0,0,V3 Round 12
GSE315928,v3_round14_balanced,66813,35,0.0005238501489231,66813,35,0.0005238501489231,66813,35,0.0005238501489231,0,0,,0,0,,0,0,V3 Round 14
