feature,standardized_coefficient,absolute_coefficient,scaler_mean,scaler_scale
TRAV8-4_log1p_cp10k,-1.7760727727447638,1.7760727727447638,0.07797074408214859,0.3975840852321076
TRBV12-3_log1p_cp10k,-1.6409660810603794,1.6409660810603794,0.06654502062904838,0.44828014422310275
TRAV5_log1p_cp10k,-1.4861711801439343,1.4861711801439343,0.06398328710369418,0.35376874086585974
TRAV1-1_log1p_cp10k,-1.4318693195920271,1.4318693195920271,0.06170148202699455,0.3739445180039308
TRAV16_log1p_cp10k,-1.4109073851297809,1.4109073851297809,0.04928647097248564,0.2916140344345627
TRAV6_log1p_cp10k,-1.3938426205926244,1.3938426205926244,0.061095778267155086,0.34921017685887784
TRAV23DV6_log1p_cp10k,-1.2784619194690268,1.2784619194690268,0.052512648214057434,0.3261204437832656
TRBV24-1_log1p_cp10k,-1.230722485057458,1.230722485057458,0.05699429635818865,0.3886718629458655
TRBV5-4_log1p_cp10k,-1.2260872349769303,1.2260872349769303,0.0688715591317629,0.4274992653263869
TRDV1_log1p_cp10k,1.2017442076832974,1.2017442076832974,0.1340203092161762,0.5906141461862326
TRBV5-6_log1p_cp10k,-1.1683075973776955,1.1683075973776955,0.0445513628515081,0.3361768137035869
TRAV39_log1p_cp10k,-1.0913593288847,1.0913593288847,0.021606276709447755,0.18626899745890457
TRAV8-1_log1p_cp10k,-1.0776667946786376,1.0776667946786376,0.0514077665796971,0.31691405382010324
TRBV12-4_log1p_cp10k,-1.0380534757496298,1.0380534757496298,0.07309857202958969,0.4584911922111158
TRAV24_log1p_cp10k,-1.0318915280317371,1.0318915280317371,0.019046547657293605,0.1855303144942444
TRBV5-5_log1p_cp10k,-1.0231135254374462,1.0231135254374462,0.023878839746782114,0.2522552778739914
TRAV4_log1p_cp10k,-1.009719769848448,1.009719769848448,0.12883740246441155,0.45843956873367964
TRAV35_log1p_cp10k,-0.9650703333562574,0.9650703333562574,0.03067527109332387,0.23223478963797053
TRBV6-1_log1p_cp10k,-0.9317516843577925,0.9317516843577925,0.06669238258496464,0.41955213788732876
TRBV5-1_log1p_cp10k,-0.9211663338723031,0.9211663338723031,0.21817367583484654,0.7817579335289573
TRBV6-6_log1p_cp10k,-0.8854132908479259,0.8854132908479259,0.045150437654032906,0.36319856817744217
TRAV17_log1p_cp10k,-0.8802103294740531,0.8802103294740531,0.10619105872754789,0.47259133756591065
TRAV13-2_log1p_cp10k,-0.8734613775751678,0.8734613775751678,0.11054374068563973,0.4360737681122588
TRBV13_log1p_cp10k,-0.852412551564498,0.852412551564498,0.01907263411757989,0.22898699750300686
TRAV8-6_log1p_cp10k,-0.8382119105194633,0.8382119105194633,0.08148665677071744,0.3784572815032361
TRAV10_log1p_cp10k,-0.8254408875186634,0.8254408875186634,0.05787882255549816,0.35905967672003086
TRAV20_log1p_cp10k,-0.8157447781250805,0.8157447781250805,0.06853018314068794,0.39493300516643276
TRDV2_log1p_cp10k,0.8033623987068098,0.8033623987068098,0.08475402029329109,0.46029470413823886
TRAV12-1_log1p_cp10k,-0.7966560534819261,0.7966560534819261,0.10397966802741825,0.45303154750809804
TRAV34_log1p_cp10k,-0.7834921458102273,0.7834921458102273,0.01101195486064404,0.13317079104650562
TRBV20-1_log1p_cp10k,-0.7817453546016522,0.7817453546016522,0.218784840046871,0.7705418021114676
TRAV19_log1p_cp10k,-0.7768883700893764,0.7768883700893764,0.09391352708632433,0.43748142118743744
TRAV40_log1p_cp10k,-0.7571285357615146,0.7571285357615146,0.00568610932622974,0.09879623663728192
TRAV2_log1p_cp10k,-0.7486696927269498,0.7486696927269498,0.07732516768654149,0.379582819000169
TRAV25_log1p_cp10k,-0.7292832451040028,0.7292832451040028,0.02490512272772119,0.21152842668815536
TRAV12-3_log1p_cp10k,-0.7275350755215944,0.7275350755215944,0.06060573843621901,0.3511258475838946
TRBV4-1_log1p_cp10k,-0.7194105071752734,0.7194105071752734,0.12125715013974106,0.6145195584202033
TRAV3_log1p_cp10k,-0.7172201151652412,0.7172201151652412,0.10139432694665027,0.4718956403946862
TRBV6-5_log1p_cp10k,-0.7171252923588824,0.7171252923588824,0.1319581904443618,0.5987138304921539
TRBV30_log1p_cp10k,-0.7010322853866118,0.7010322853866118,0.06353443468575973,0.3970542886070094
TRAV1-2_log1p_cp10k,-0.695876275870413,0.695876275870413,0.11690801221798122,0.48136288855454784
TRBV7-9_log1p_cp10k,-0.6827863875119984,0.6827863875119984,0.11114189241288315,0.5634932082138274
TRBV4-2_log1p_cp10k,-0.6720861525604588,0.6720861525604588,0.09147683389768735,0.5226086349099391
TRBV11-2_log1p_cp10k,-0.6606935140675148,0.6606935140675148,0.06630190887223826,0.4269491011615545
TRBV10-3_log1p_cp10k,-0.6319140098991032,0.6319140098991032,0.1059471181764917,0.5780832643584048
TRAV14DV4_log1p_cp10k,-0.6299342371924006,0.6299342371924006,0.09809494835923646,0.4473812292713455
TRAV8-2_log1p_cp10k,-0.6296908393222895,0.6296908393222895,0.24535198685764273,0.6256830862131647
TRAV21_log1p_cp10k,-0.6290743634392116,0.6290743634392116,0.12631847895978912,0.545933335159439
TRBV28_log1p_cp10k,-0.6237530442647988,0.6237530442647988,0.1425132087308625,0.6229428112572876
TRBV10-2_log1p_cp10k,-0.6010367999095627,0.6010367999095627,0.019600795555751983,0.22899872957618994
TRBV18_log1p_cp10k,-0.5954014246283929,0.5954014246283929,0.07584689198720845,0.4285415380888021
TRBV11-1_log1p_cp10k,-0.5927353288931733,0.5927353288931733,0.008927102412476176,0.15803687127732777
TRAV12-2_log1p_cp10k,-0.5782855047854795,0.5782855047854795,0.1314057360577622,0.5416501390185414
TRBV9_log1p_cp10k,-0.5696543723331257,0.5696543723331257,0.14486539258736605,0.606055917834466
TRBV19_log1p_cp10k,-0.5517296851011818,0.5517296851011818,0.10655583671684175,0.5119741540125886
TRDV3_log1p_cp10k,0.5511748515542242,0.5511748515542242,0.016755204106369142,0.19402719513091368
TRBV11-3_log1p_cp10k,-0.5450689703291051,0.5450689703291051,0.02125109820156339,0.20840689803249038
TRBV12-5_log1p_cp10k,-0.5292697582788216,0.5292697582788216,0.021663197293675163,0.2450223682663177
TRGV9_log1p_cp10k,0.5056538616614461,0.5056538616614461,0.1467426660694556,0.5231978916378418
TRBV27_log1p_cp10k,-0.49403890303629366,0.49403890303629366,0.09736644185780247,0.4744105452577859
TRBV7-6_log1p_cp10k,-0.48375030531725777,0.48375030531725777,0.04645338738364664,0.3487393855857218
TRBV25-1_log1p_cp10k,-0.47866255883286074,0.47866255883286074,0.03966609334624859,0.31611935236904715
TRBV10-1_log1p_cp10k,-0.46830399406697654,0.46830399406697654,0.019337514371595223,0.20833728479081745
TRBV29-1_log1p_cp10k,-0.454344850556323,0.454344850556323,0.04566134365382222,0.3519052036677742
TRBV3-1_log1p_cp10k,-0.4530197743304194,0.4530197743304194,0.08666075387682459,0.4969469285477386
TRDC_log1p_cp10k,0.4456768230377189,0.4456768230377189,0.09982649589312795,0.4356994074899412
TRAV9-2_log1p_cp10k,-0.43673905046549716,0.43673905046549716,0.11319529382672604,0.47836070591626106
TRAV13-1_log1p_cp10k,-0.42776915572705315,0.42776915572705315,0.17253007213615335,0.5968306387244622
TRBV7-3_log1p_cp10k,-0.4239813858995345,0.4239813858995345,0.0957160712065196,0.5245381329425943
TRBV2_log1p_cp10k,-0.4149777602233099,0.4149777602233099,0.06907076433496809,0.4190636415171299
CD4_log1p_cp10k,-0.3976115999597584,0.3976115999597584,0.30054440277596145,0.5710108745850937
TRBV15_log1p_cp10k,-0.3909590316643265,0.3909590316643265,0.020637603364312748,0.2244913737901991
TRBV7-2_log1p_cp10k,-0.3836128264100395,0.3836128264100395,0.11648187964452718,0.6063355536716166
TRAV22_log1p_cp10k,-0.3834033089814361,0.3834033089814361,0.04295598941047033,0.26758128615997495
TRBV1_log1p_cp10k,-0.3793709030935119,0.3793709030935119,0.002668896432123238,0.058562430397087036
TRAJ37_log1p_cp10k,-0.36837885278024884,0.36837885278024884,0.0012759409720552299,0.04052522274783815
TRBC1_log1p_cp10k,0.36324106086560703,0.36324106086560703,0.7307734605445314,0.9176586223517093
TRAV38-1_log1p_cp10k,-0.3511428003584479,0.3511428003584479,0.03088680060797113,0.25499643971644725
TRAV29DV5_log1p_cp10k,-0.30983876349977924,0.30983876349977924,0.12187388282394662,0.5047399971580535
TRAV41_log1p_cp10k,-0.3053249730132835,0.3053249730132835,0.03239989703085452,0.23794374720490252
TRBV6-4_log1p_cp10k,-0.3038674196559123,0.3038674196559123,0.024644993778980488,0.2269550919768064
TRAV26-1_log1p_cp10k,-0.2925255932687855,0.2925255932687855,0.0741609961793434,0.37799829901308735
TRBV6-2_log1p_cp10k,-0.2863939501661555,0.2863939501661555,0.044274388132996445,0.3496691957004394
TRGV4_log1p_cp10k,0.2809365562092236,0.2809365562092236,0.09911511393788733,0.41498594669492606
TRBC2_log1p_cp10k,0.2628441564050987,0.2628441564050987,1.2091426972057768,0.9477244012288282
TRBV7-4_log1p_cp10k,-0.2606107337477448,0.2606107337477448,0.01547122338904443,0.1842566066513069
CD3E_log1p_cp10k,0.2571242214986035,0.2571242214986035,2.2112423640725902,0.645277229078018
TRGV1_log1p_cp10k,0.2539616040851953,0.2539616040851953,0.013454171699541634,0.14444190884841798
TRAV27_log1p_cp10k,-0.2494090999543089,0.2494090999543089,0.05274925689260837,0.335931550837245
TRAJ28_log1p_cp10k,-0.23246218385019435,0.23246218385019435,0.00028676524091615386,0.018050436298094164
TRBV7-7_log1p_cp10k,-0.2289022060424793,0.2289022060424793,0.009272158757617891,0.1496111853816227
CD3D_log1p_cp10k,-0.21918148488874276,0.21918148488874276,1.9075629626576251,0.7767694433196809
TRAC_log1p_cp10k,0.20241527826445127,0.20241527826445127,0.6707286407216081,0.7544603084913918
TRBV5-3_log1p_cp10k,-0.2013476092123954,0.2013476092123954,0.001607731267110138,0.04823873827386342
TRGV5_log1p_cp10k,0.19983082011877848,0.19983082011877848,0.10659555142241482,0.43074285824726477
TRBV12-1_log1p_cp10k,-0.19392475665790282,0.19392475665790282,0.0010314410391752704,0.03895670067639638
TRAJ12_log1p_cp10k,-0.19297099527299502,0.19297099527299502,0.00032102570985100074,0.020441967111428403
TRBJ2-7_log1p_cp10k,0.19255281468407137,0.19255281468407137,0.01769448665564256,0.1601855538159737
TRAV30_log1p_cp10k,-0.18836349224681612,0.18836349224681612,0.02622369962298282,0.23321132473350367
TRBJ1-1_log1p_cp10k,0.18516174717848574,0.18516174717848574,0.007209255882003606,0.0986068342082026
TRAJ22_log1p_cp10k,-0.18008683036934364,0.18008683036934364,0.0008313440996658429,0.03285947960783772
TRGC2_log1p_cp10k,0.16396469671603825,0.16396469671603825,0.1303977375674049,0.41176879786072723
TRAV36DV7_log1p_cp10k,-0.15934139472599929,0.15934139472599929,0.03259655747120365,0.23446774309995233
TRAV8-5_log1p_cp10k,-0.15705598491779607,0.15705598491779607,0.0013870436117290675,0.04452846593597666
CD3G_log1p_cp10k,-0.1465522345433391,0.1465522345433391,1.3096854539918155,0.8149714156788201
TRBV14_log1p_cp10k,-0.14606564375933737,0.14606564375933737,0.02535627114328534,0.24915674646497796
TRBV16_log1p_cp10k,-0.14473405898285852,0.14473405898285852,0.0031561483566886353,0.0871331487204377
TRAJ4_log1p_cp10k,-0.14145359106510336,0.14145359106510336,0.0007866303518423299,0.03157529027090661
TRAJ3_log1p_cp10k,-0.13800199392719012,0.13800199392719012,0.00045245043840974445,0.025013768778256153
TRAJ40_log1p_cp10k,-0.1305821706902788,0.1305821706902788,0.0005604877168003512,0.02611872622444553
TRAJ16_log1p_cp10k,-0.12856634139285367,0.12856634139285367,0.0005180905637431975,0.02622271239397684
TRAJ34_log1p_cp10k,-0.12834691256182776,0.12834691256182776,0.0005933487990280262,0.0276205001266693
TRAJ45_log1p_cp10k,0.12220628905013205,0.12220628905013205,0.0016471328241316017,0.0457867652753084
TRAJ9_log1p_cp10k,-0.12034059618673608,0.12034059618673608,0.000650326191181976,0.029482612529415687
TRAJ17_log1p_cp10k,-0.11891169116523724,0.11891169116523724,0.0006769679086277348,0.028503225180820976
TRGV3_log1p_cp10k,0.1115987555537657,0.1115987555537657,0.15464119398845408,0.47412103549707546
TRAJ13_log1p_cp10k,-0.10690662470236839,0.10690662470236839,0.001014016997850265,0.03647806099979113
TRAJ6_log1p_cp10k,-0.10549352635369852,0.10549352635369852,0.0006621577202111958,0.029920449222019176
TRAJ31_log1p_cp10k,-0.09711119109147388,0.09711119109147388,0.0002595174170885295,0.017576150677381525
TRDJ1_log1p_cp10k,0.09597465334687802,0.09597465334687802,0.0014770513650181726,0.04429779834356572
TRGV11_log1p_cp10k,0.09354251678002168,0.09354251678002168,0.004442013368424197,0.08205047043036039
TRAJ20_log1p_cp10k,-0.09234981665677705,0.09234981665677705,0.0002875442202414765,0.018084467850739326
TRAJ33_log1p_cp10k,-0.09109111872382143,0.09109111872382143,0.00020179367776601467,0.014636429923114024
TRAJ10_log1p_cp10k,-0.08554416829731222,0.08554416829731222,0.0004606079551123404,0.023409935818288923
TRBJ2-6_log1p_cp10k,0.08411839669231445,0.08411839669231445,0.0015875882367348785,0.045475196903165004
TRBV6-7_log1p_cp10k,-0.08371352954613816,0.08371352954613816,0.0027213338995764965,0.07471484139127278
TRAJ41_log1p_cp10k,-0.08118732454960176,0.08118732454960176,0.00024211406575739208,0.016577166699135046
TRAV26-2_log1p_cp10k,-0.08076525914476701,0.08076525914476701,0.022590644906257923,0.2013849345585955
TRGV2_log1p_cp10k,0.08063159782714092,0.08063159782714092,0.09901941247516556,0.4130857109838703
TRAJ58_log1p_cp10k,-0.08058775772681687,0.08058775772681687,4.9980971643154396e-05,0.007941634708172848
TRAJ24_log1p_cp10k,-0.0792852480373998,0.0792852480373998,0.00044010710741332207,0.023376417957793345
TRGV7_log1p_cp10k,0.07876004017305095,0.07876004017305095,0.06895049182110621,0.3146174145259269
TRBV7-5_log1p_cp10k,-0.07582520566880416,0.07582520566880416,0.00026341443061740595,0.0200053668048081
TRAV8-3_log1p_cp10k,-0.07361438571280021,0.07361438571280021,0.06331287213632528,0.3104647997738835
TRBV23-1_log1p_cp10k,-0.07213497852639324,0.07213497852639324,0.00968473104114231,0.1240802514390419
TRAV18_log1p_cp10k,-0.07145152661296818,0.07145152661296818,0.01601416543329644,0.13370041870735777
TRBV12-2_log1p_cp10k,0.07082694049716529,0.07082694049716529,0.0060140914616504506,0.11201287143205027
TRAJ44_log1p_cp10k,0.0701786168249832,0.0701786168249832,0.0011727480837229224,0.03912869375024066
TRAV38-2DV8_log1p_cp10k,-0.06901025774248638,0.06901025774248638,0.056533825873549666,0.37474537933675495
TRBJ2-2_log1p_cp10k,0.06778440774620248,0.06778440774620248,0.0024966557786898435,0.055082926699752455
TRAJ47_log1p_cp10k,-0.06680682731985522,0.06680682731985522,0.00010690709616718248,0.010385921736944614
TRBJ2-3_log1p_cp10k,0.06446977564664212,0.06446977564664212,0.00422069728308469,0.07266454116645893
TRGV8_log1p_cp10k,0.06079386231504954,0.06079386231504954,0.08553501547391791,0.3749751067219017
TRAV15_log1p_cp10k,-0.05700157073563621,0.05700157073563621,0.0002079816132440626,0.015625425509171554
TRGV10_log1p_cp10k,-0.056192138328527964,0.056192138328527964,0.24994026334506306,0.6297760797587882
TRAJ38_log1p_cp10k,0.053265062816829606,0.053265062816829606,0.001176930335611633,0.038746914717249184
TRBJ2-5_log1p_cp10k,0.05293223469427254,0.05293223469427254,0.006598408014788053,0.09692907058107793
TRAJ11_log1p_cp10k,-0.05050875577991363,0.05050875577991363,0.0001983330166434932,0.015843448440683604
TRAJ27_log1p_cp10k,-0.049812897734339265,0.049812897734339265,0.00018171763385338538,0.01534911816625457
TRAJ43_log1p_cp10k,-0.04699607081445837,0.04699607081445837,0.00012799986212899962,0.012385155032657871
TRAJ29_log1p_cp10k,-0.0459139207199788,0.0459139207199788,0.0002926554202998241,0.01860580089693546
TRAJ49_log1p_cp10k,0.04539976648624023,0.04539976648624023,0.0005889607535106363,0.027356557486923352
TRAJ52_log1p_cp10k,0.04172626631485274,0.04172626631485274,0.00021693405430660542,0.016131112944477236
TRGC1_log1p_cp10k,-0.03804607854297128,0.03804607854297128,0.12392060105027097,0.3954216047693953
TRBJ2-4_log1p_cp10k,0.03754828927649286,0.03754828927649286,0.0018251069968294549,0.04836308104176953
TRAJ57_log1p_cp10k,-0.0368217592369321,0.0368217592369321,6.453358407071267e-05,0.008548816115806424
TRAJ32_log1p_cp10k,0.03523921183431523,0.03523921183431523,0.0004340759289824463,0.023713059428696965
TRBJ1-5_log1p_cp10k,0.034710774830015195,0.034710774830015195,0.0027350810561626183,0.06085804367248847
TRAJ7_log1p_cp10k,-0.030515832099306296,0.030515832099306296,8.414661103603196e-05,0.010015755204187252
TRAJ35_log1p_cp10k,0.029180666936620744,0.029180666936620744,0.00014805092217210335,0.01392131411735867
TRAJ42_log1p_cp10k,-0.028229984047203987,0.028229984047203987,0.0004207263195120366,0.02289892394191605
TRAJ54_log1p_cp10k,-0.02771976919042017,0.02771976919042017,3.6451055041728324e-05,0.006365985485708314
TRBV6-8_log1p_cp10k,-0.027520888354965377,0.027520888354965377,0.0014171604733810717,0.055568074024704095
TRAJ36_log1p_cp10k,-0.0268005111949013,0.0268005111949013,9.722188555201481e-05,0.010793912600445507
TRAJ23_log1p_cp10k,0.026710988737488083,0.026710988737488083,0.0006751005145585262,0.02955458024900347
TRDJ3_log1p_cp10k,0.024501808260883606,0.024501808260883606,6.308122364748038e-05,0.008699561171615163
TRBV5-7_log1p_cp10k,-0.019592236554282688,0.019592236554282688,0.0008626818025404366,0.040449350775055744
TRAJ18_log1p_cp10k,0.0181785319622833,0.0181785319622833,0.0006209823121941097,0.026727326800763625
TRDJ2_log1p_cp10k,-0.018141274872656855,0.018141274872656855,3.759358441308625e-05,0.006693274345299412
TRGV6_log1p_cp10k,-0.017866914992099667,0.017866914992099667,0.0003495340522134438,0.01907627732395677
TRBJ1-4_log1p_cp10k,-0.016774128462053308,0.016774128462053308,0.0010483115580322401,0.03621652898478392
TRGV5P_log1p_cp10k,-0.013433800347831431,0.013433800347831431,0.011302814007738393,0.11470073455985709
TRAJ39_log1p_cp10k,-0.011331924397817328,0.011331924397817328,0.0011847291382693075,0.037713427202441314
TRAJ5_log1p_cp10k,-0.010286220459593435,0.010286220459593435,0.0005630334392542045,0.028194881888970395
TRBJ1-3_log1p_cp10k,-0.00885464722141554,0.00885464722141554,0.0007171854022527262,0.029543975735937537
TRBV21-1_log1p_cp10k,0.005645812150914398,0.005645812150914398,0.058713860065845155,0.3357555643155418
TRBJ1-2_log1p_cp10k,-0.005164331306293066,0.005164331306293066,0.0019761352812485166,0.0488319224898248
TRBJ1-6_log1p_cp10k,0.004491719326164535,0.004491719326164535,0.001759989984549155,0.047422036694497335
TRBJ2-1_log1p_cp10k,0.004419659663519042,0.004419659663519042,0.005601642752254389,0.08386662452979961
TRAJ50_log1p_cp10k,-0.0035155725745985664,0.0035155725745985664,5.6218294282672115e-06,0.0021094695228646198
FOXP3_log1p_cp10k,0.0027392452796607906,0.0027392452796607906,0.10092397238267063,0.44056928397983064
TRAJ46_log1p_cp10k,0.0,0.0,0.0,1.0
TRAJ25_log1p_cp10k,0.0,0.0,0.0,1.0
TRAJ1_log1p_cp10k,0.0,0.0,0.0,1.0
TRAJ14_log1p_cp10k,0.0,0.0,0.0,1.0
TRAJ2_log1p_cp10k,0.0,0.0,0.0,1.0
TRBJ2-2P_log1p_cp10k,0.0,0.0,0.0,1.0
