source_gse_id,n_sampled
GSE114724,20000
GSE125527,20000
GSE145926,20000
GSE159251,20000
GSE162498,20000
GSE171037,20000
GSE178882,20000
GSE188620,20000
GSE190870,16753
GSE211504,20000
GSE212217,20000
GSE228597,20000
GSE234069,20000
GSE235863,20000
GSE240865,20000
GSE243013,20000
GSE243572,20000
GSE243905,20000
GSE252762,20000
GSE254176,20000
GSE254249,20000
GSE267645,20000
GSE287301,20000
GSE287541,20000
GSE292700,20000
GSE294273,20000
GSE296954,20000
GSE301528,20000
GSE308075,20000
GSE311112,20000
