cluster,n_cells,n_primary_nk,primary_nk_fraction,n_productive_t,productive_t_fraction,n_eligible_candidates,n_confident_nk,candidate_source_count,dominant_candidate_source,dominant_candidate_source_fraction,n_sample,weighted_t_program,weighted_nk_program,weighted_myeloid_program,weighted_cytotoxic_program,nk_minus_t_program,nk_specific_margin,CD3E_detected_fraction,CD3E_mean,TRAT1_detected_fraction,TRAT1_mean,BCL11B_detected_fraction,BCL11B_mean,LCK_detected_fraction,LCK_mean,CD247_detected_fraction,CD247_mean,THEMIS_detected_fraction,THEMIS_mean,FCER1G_detected_fraction,FCER1G_mean,TYROBP_detected_fraction,TYROBP_mean,KLRD1_detected_fraction,KLRD1_mean,NCR1_detected_fraction,NCR1_mean,FCGR3A_detected_fraction,FCGR3A_mean,KLRC1_detected_fraction,KLRC1_mean,KLRF1_detected_fraction,KLRF1_mean,S1PR5_detected_fraction,S1PR5_mean,LST1_detected_fraction,LST1_mean,AIF1_detected_fraction,AIF1_mean,CTSS_detected_fraction,CTSS_mean,LILRB1_detected_fraction,LILRB1_mean,LILRB2_detected_fraction,LILRB2_mean,S100A8_detected_fraction,S100A8_mean,S100A9_detected_fraction,S100A9_mean,NKG7_detected_fraction,NKG7_mean,GNLY_detected_fraction,GNLY_mean,PRF1_detected_fraction,PRF1_mean,GZMB_detected_fraction,GZMB_mean,XCL1_detected_fraction,XCL1_mean,XCL2_detected_fraction,XCL2_mean,nk_likeness_rank
0,193560,3,1.5499070055796652e-05,28597,0.14774230212853895,11395,1,4,GSE292700,0.968494953927161,10645,0.12858565544985723,0.1798415699887496,0.42080037404267984,0.17747688147440085,0.05125591453889236,-0.24095880405393025,0.4540758728982891,1.4569706685738557,0.0675612006091336,0.15971019576411044,0.1429956279725235,0.3652963369339354,0.2250948040705929,0.57703098629361,0.27925056171845336,0.7744872092037856,0.08364635153882212,0.20807385480403323,0.6097391189824208,2.1779167538665423,0.7658215950509077,3.1492616713521557,0.1562998097688408,0.43277551690998933,0.028999484053683175,0.06657609884776428,0.24971224785745963,0.761324449488509,0.03430358997916831,0.0925172898292161,0.0680217494809768,0.1684691780911485,0.07731783062027628,0.1892412346224162,0.5209502913032547,1.729457870432944,0.6198049462881347,2.2350007736102717,0.6591268038214672,2.3671508001290094,0.2159349807239972,0.4888126170470442,0.30474647638579194,0.7743313222872511,0.8006778850391365,3.7397948290569487,0.8607652611646617,4.055995210359024,0.6765698924978948,2.5308405186169707,0.5614208231138628,2.255368966793983,0.254798075569494,0.7825157033310706,0.2669780829155876,0.8795197185353575,0.021299337405686375,0.054620959953482526,0.038731629202523474,0.10024349657553767,12
1,42063,0,0.0,1554,0.036944583125312035,16940,0,4,GSE292700,0.969185360094451,9467,0.05579632393772488,0.20677606431195958,0.26856674473242087,0.08572083914360276,0.1509797403742347,-0.06179068042046129,0.23033411030625237,0.5608921389033883,0.037060298823552607,0.07602128904243688,0.09458051030223737,0.1736540325453314,0.09189870446942865,0.1771709526005055,0.18327484761535934,0.41567223972408296,0.06405414223344871,0.12836603837196803,0.7918740442600122,2.8048716103582922,0.8365181723021383,3.266640568733019,0.14301934413922626,0.31426573680948044,0.012908386826203317,0.0253677851688434,0.5902167310364602,1.4670263166472486,0.029747514324792466,0.0636410344916205,0.03675348916521921,0.0724520495406723,0.03944984976087092,0.0792634450708088,0.5429373779344275,1.2241176126541569,0.6313868961714547,1.7349685211030115,0.716876192929551,2.078054821957242,0.28170189426135944,0.40787919665111605,0.2846685726405316,0.45119468170187915,0.49730339357336684,1.3365745206344595,0.6561954652070389,1.9997348319297998,0.4688002108695444,1.1377787508549553,0.3283730541092636,0.9403974857723316,0.16893530176831795,0.37877474714131304,0.19651096505696566,0.48484376971775994,0.04564008005003984,0.101534594891742,0.05410658352931584,0.1059786763259167,5
2,193523,0,0.0,25472,0.1316225978307488,3637,0,5,GSE296954,0.6629089909265878,8725,0.31195159908327524,0.06519122532034888,0.028475571275233147,0.3160693536135058,-0.24676037376292637,-0.24676037376292637,0.9345796833232934,3.103139687605733,0.29028861827115704,0.657613037796176,0.27774980659033904,0.6318197040267973,0.6667009754694909,1.7064877717447298,0.5402042175129617,1.3294277708524078,0.4238411692471946,1.0354278799777872,0.02439306225317794,0.05777786405228194,0.051146225283810826,0.14189705384328613,0.5060616912121776,1.3810685044609616,0.0660369875824585,0.13026779294759305,0.026350586792240494,0.061248195974985174,0.23391464209004964,0.6503892319454899,0.0015669566127861478,0.0036593654628477986,0.007688911858681188,0.014479079806934837,0.017394594368871873,0.03390348574275713,0.05560723358031154,0.12603394664068976,0.2828535377353889,0.6119319956366918,0.02015736012059436,0.03728930717313159,0.0009268314928816473,0.002917978705846264,0.013181330851412024,0.02994228366751669,0.016617874883129127,0.03485780796829335,0.9155075452608527,3.6013544403902804,0.410251174762205,1.803801953875309,0.6701894462984346,1.9626385587121218,0.7939029037397232,2.99896785298835,0.15995283046696843,0.4494027386297023,0.1491902989357099,0.4220814245797617,14
3,273499,0,0.0,48607,0.17772277046716806,11468,0,5,GSE296954,0.9497732821764912,18356,0.28447206784768075,0.006177227124155247,0.023656190844718147,0.048192716060236174,-0.2782948407235255,-0.2782948407235255,0.8997471319352656,2.9690494295914585,0.2010999530493982,0.461687609590182,0.3211176489267976,0.7252156397978754,0.6400169902650971,1.6650314324807458,0.6084435977236723,1.5760700934587897,0.17132334006336283,0.3835230948454998,0.019907649923181295,0.048168570043524775,0.026348001373023445,0.06211276272386458,0.030654711348101757,0.06897679838275926,0.010456812872824801,0.01817397883764555,0.005262753128563955,0.010667620102285207,0.010014175692640114,0.022224135060513867,0.0017636106345413865,0.0033834751426418844,0.000961973901791293,0.0015678213992742556,0.04507728798898492,0.08668774065081919,0.022894035025877127,0.051789919296677075,0.25112184962096107,0.5269305284551933,0.0009638298290892833,0.0021792140148786028,0.0005404842824276328,0.0012014409792557277,0.011624829219281357,0.02442266316104462,0.018930177129802175,0.04248557201948545,0.13180312291031457,0.3838282837929308,0.13311380783316037,0.4374526678306037,0.18107559506502954,0.39755700024883894,0.11823818502857351,0.388352636576087,0.02490608214999469,0.06936636130026948,0.01757808971329573,0.04335425103339078,18
4,245857,308,0.001252760751168362,8793,0.03576469248384223,6650,5,5,GSE294273,0.7583458646616541,10032,0.26737229883269215,0.051424098597151954,0.02745353981379036,0.12558234464003884,-0.21594820023554018,-0.21594820023554018,0.4736263179924841,1.4698890072089779,0.1906358747919297,0.5276578616594941,0.4738417369950735,1.5183839237293228,0.28240370164125184,0.7906888333528279,0.5517079240256741,1.8465619266839335,0.32628103506355766,1.016488857853519,0.03472796608947498,0.10931744098806581,0.082722147909281,0.26614925838958875,0.19956217670885393,0.6358993192026202,0.039486337991636096,0.10998721049190763,0.0803852501760569,0.27710614330115574,0.06645923145768085,0.18965400503480168,0.04273330996357734,0.12644512557467916,0.06466727769415329,0.19351951764013944,0.016096872141962287,0.046499755721266814,0.022030115170595974,0.06573745495968965,0.17758185344324984,0.4768085880531149,0.02417007174387866,0.06763254089636954,0.0022655186389511925,0.007506738737903428,0.0377663285373432,0.1253979271098561,0.03449446791528194,0.11298051985011649,0.32708678052866275,1.1656738385076235,0.32853856458951325,1.3004676625719345,0.27199275228549225,0.9134530249437208,0.2614199134253259,0.883078034785465,0.0460226036227645,0.13114531743047483,0.048211769857370024,0.1385036627336202,11
5,365312,0,0.0,40018,0.10954471793973371,4483,0,5,GSE292700,0.5670310060227526,14355,0.2883670967649988,0.027100444345991775,0.02503333915791094,0.11541192334313427,-0.261266652419007,-0.261266652419007,0.9148936037408817,2.9305558202073168,0.31592966913994014,0.7406828075076825,0.31087330190075824,0.7137482338848328,0.5700551952917353,1.4091633617377937,0.48128277487100074,1.159063918585091,0.36895159353165397,0.8718610341068417,0.019364107000080177,0.0438603302381742,0.04803191063245078,0.12469149480214808,0.17106568253785445,0.4427170642759825,0.006603551312890808,0.013758701774351524,0.012724994178912907,0.027751100134081608,0.11387464855686806,0.3064572906984413,0.008997976574226787,0.019558681176937612,0.01955794954220684,0.04232661758233738,0.06722881274724397,0.14680408077343504,0.03134982903256225,0.06876346403775783,0.2199360136976986,0.4769644191655661,0.005459206753955496,0.011676992433149683,0.0019605973934891377,0.004547369823077205,0.013288756923182477,0.027583683062952932,0.019235206606089475,0.04412066731969578,0.4122499405068591,1.2381681345404079,0.17151799626346112,0.6444107419152769,0.24145083311092186,0.605526124442509,0.2529445996745595,0.7735399913766843,0.15491270026800882,0.44654354419589415,0.13228722942685017,0.36325368587848084,16
6,308296,4,1.2974543944780341e-05,88147,0.2859167812751382,3756,0,5,GSE296954,0.443024494142705,17011,0.34482547943422476,0.03897494212944193,0.03278083590265007,0.19132201673313154,-0.30585053730478284,-0.30585053730478284,0.926345368068006,3.314843316367243,0.35820894234935907,0.9162535427373072,0.34095187583361325,0.888056111607915,0.6545567214484962,1.8751303400160846,0.48118926158830944,1.2693820883450226,0.3994542122891868,1.0599608670147649,0.015830589644094405,0.0395419511299515,0.034091852783239215,0.09579502034890815,0.2452400262540473,0.7290861633452516,0.018296778788630577,0.04379888907121627,0.05566998469424961,0.14432700287737996,0.024899568322611892,0.06583904156804336,0.036688673245801724,0.09361806203803583,0.08655325714741569,0.21981233619484883,0.028563919926727147,0.06839307212978823,0.054337372394577095,0.131753066521795,0.2520200410779969,0.6194841089041627,0.018010180427542613,0.042694219391130474,0.0007471085773383437,0.0018353957120529033,0.03242869591769743,0.08927189521218208,0.03513281508478698,0.0943108798521435,0.872270295248859,3.601219909183554,0.1056661952680398,0.38046781929827034,0.4269881935435876,1.1888851367983364,0.2326526429302528,0.7156291366238225,0.12801743219505057,0.35185457069889925,0.17771090680223656,0.5172814840604079,19
7,382086,1,2.6172118318912497e-06,175384,0.45901707992441493,1112,0,5,GSE296954,0.6007194244604317,18093,0.36325047439559305,0.009974001747168199,0.04426411477235985,0.04251265035153162,-0.3532764726484249,-0.3532764726484249,0.9407383894193109,3.611946819446306,0.3693937394650429,0.990775319527486,0.3806178957527007,1.0286510261642476,0.6708537715550048,2.0052640682968463,0.5050231248600114,1.4058847214291983,0.3042131403027288,0.8075680757541107,0.0210309063273653,0.055096724375446576,0.03329461704740506,0.09141755939634635,0.04284831990937203,0.12151604916948305,0.001119177120277307,0.0028936947141663377,0.005962731745745788,0.015252457072821708,0.02246866630833462,0.07317327301764051,0.0022793806098714182,0.0058464568442764785,0.007038416890854945,0.016438335092276612,0.11131045040777898,0.2774227499327992,0.05951481216016811,0.15437303884355555,0.2730810320667506,0.6916683487607618,0.002490718462760485,0.005861152524118109,0.0022892191046973995,0.005699158836329218,0.050152273795772244,0.139139423457972,0.06601447398377962,0.17467167254490604,0.18177739842453444,0.5808734452843267,0.09048571421214101,0.3286972350485169,0.13676554978564795,0.37011976979628636,0.0292956807955273,0.08599550120653685,0.029796627384473633,0.09104211343276973,0.02112267662377669,0.06111119621487285,21
8,62000,0,0.0,8423,0.1358548387096774,1405,0,5,GSE294273,0.6056939501779359,6016,0.3377302724566607,0.021212317961318717,0.03390289908614317,0.08556927922911463,-0.316517954495342,-0.316517954495342,0.8813405588005115,2.800457568671298,0.48266316060200676,1.2017979594375778,0.4988656931393371,1.2350076899867513,0.5145512960529766,1.299645124965329,0.6887391118093897,1.8471316756255247,0.3049143470735154,0.7174439254373491,0.03279178923057813,0.10542938904414628,0.04413295536478261,0.1354018453433462,0.11380721891448606,0.3029154558955004,0.006409266626198995,0.012305811952794222,0.025924125710307066,0.06126935344546043,0.027065546416567186,0.07379761249453624,0.010483647667056131,0.024644740401622848,0.03733624835652322,0.08177414678828797,0.026066379673268983,0.0584029821623069,0.04672495116802972,0.10555683456315568,0.32703514317250804,0.7446369732555284,0.005976017165199318,0.011604131349800047,0.001315144776886357,0.003563877165187093,0.021495534351013153,0.07291758534723111,0.027244106369541735,0.07347678725246524,0.2566523831194742,0.8663067012962838,0.190928070353221,0.772527509265017,0.20571244809540132,0.6136505048367231,0.18895879321436462,0.6616908550561579,0.03253574865213286,0.07903410082668597,0.033338839558524375,0.08388861516325041,20
9,41060,48,0.0011690209449585973,686,0.016707257671699952,1139,1,4,GSE294273,0.4934152765583846,1171,0.1572439289319854,0.227391133405154,0.03666571392031836,0.3088935049694221,0.07014720447316858,0.07014720447316858,0.43112128589953225,1.125834728558474,0.12556373782165134,0.2700278669616319,0.08445792617805428,0.17756548533019428,0.4228298756101944,1.0016213424141533,0.6086345216583772,1.6083639210819944,0.048402433572970645,0.09401238080079512,0.6430843375375691,1.778572217987299,0.7988671721169697,2.608842090418899,0.5777152145594914,1.7089838244481768,0.20402334990394203,0.42852382595194605,0.12438803540561201,0.2932680170224956,0.44026104848702224,1.2123343515749145,0.22623376463313322,0.5428796758821123,0.04471592778301925,0.11830675984778184,0.14393304645931623,0.38904184591054924,0.035246015860852624,0.07950526828873883,0.2576587271993545,0.5454168489319563,0.00876622026913388,0.019891947358080007,0.0013860638829920192,0.0035304628809443065,0.020044454651697054,0.05091516219895188,0.02958053389620293,0.06459501136088944,0.6500331471866873,2.6357858132326384,0.517056788217452,2.42503919030339,0.5056096233358587,1.353197863951322,0.3864038219446864,1.3538144506870393,0.5477864318945379,1.8010201446373222,0.45314405962881243,1.3686663562591102,2
10,9276,0,0.0,907,0.09777921517895645,181,0,3,GSE292700,0.6685082872928176,400,0.06216524580582834,0.025850056079396857,0.07932825888846969,0.05354938321808716,-0.03631518972643148,-0.053478202809072825,0.2727507933239341,0.6070896092920316,0.08524495610582983,0.1194775793154758,0.1269305377119448,0.2095687609267775,0.17927148668134102,0.3326801371260744,0.14333744848153976,0.28929420188322313,0.075527238409093,0.13045310068224475,0.09327814023980975,0.2032884452647975,0.10893471167906596,0.30822802777070385,0.06547731350288508,0.1257596889908619,0.00974120950909938,0.017144335200611434,0.07978890134051762,0.15447088676161355,0.02183748859116567,0.044902634356925736,0.03575867899924555,0.06369609164831286,0.041086175533718704,0.06777899267042166,0.046063807399069144,0.10845094226804794,0.1000828285165496,0.2134775268605085,0.5680446401859398,1.0830415206189976,0.2444441684766733,0.41740016374141464,0.0356305471703738,0.06506911150746214,0.16105783440279964,0.4099114619203165,0.11060857438385956,0.2746825632193104,0.23797363328872284,0.6811970804776085,0.15144633040082434,0.4892708484321159,0.18274116471495339,0.3441207117177794,0.09892041934447396,0.24199160348343327,0.050386437604450204,0.11010624579885539,0.038332445377539964,0.06812850286782993,4
11,112032,8,7.140816909454442e-05,5570,0.04971793773207655,5772,0,4,GSE294273,0.8581081081081081,7797,0.048345902921854866,0.019397906936835192,0.09274515039021525,0.025145064946226512,-0.028947995985019674,-0.07334724345338006,0.11641569219674305,0.34833094854863256,0.03168899654156998,0.06793333201176346,0.04374209614157423,0.10158527465314174,0.2108623571715312,0.49766942230333866,0.08414001347331178,0.21372420053757865,0.03038726762875177,0.06836278694940069,0.04390889541506096,0.11237194671881619,0.13644960700925957,0.37674558903322813,0.032826918731936605,0.08266978865573968,0.010131290233262393,0.020773884452042132,0.027943573296832863,0.06565134714583039,0.007855218360442352,0.01979552807618269,0.012524624805643168,0.029423763672075654,0.020676287271425023,0.04438420461828042,0.09070201538730308,0.2019508491308566,0.03774743747188333,0.08575057384948481,0.6620025919994535,1.7641578185132243,0.16705561923515277,0.37783673762837006,0.028084578970554577,0.06298236473583198,0.06625568821248416,0.1746988777867208,0.07577803173676934,0.19631266512742332,0.10018397796681953,0.34795262169166924,0.06402174876399168,0.23678538169566274,0.057681728230331776,0.15401431728916107,0.04307068071842453,0.13463454192899899,0.006794077857663786,0.016227091219363256,0.009812504057160677,0.025386207747413906,6
12,73248,12,0.000163826998689384,25437,0.34727228047182174,388,0,5,GSE292700,0.45103092783505155,2928,0.38887206009546105,0.17431130523585583,0.0671376985451014,0.33355308131724437,-0.2145607548596052,-0.2145607548596052,0.960692393771166,3.634979724372027,0.34161027997375054,0.7918812564106468,0.39901749960797567,0.9408488214083126,0.7842581912012768,2.243518109513259,0.7338289209971801,2.1338711552272893,0.34093991865490586,0.8173174925950786,0.19480907089587182,0.5429932046795795,0.4147840158962002,1.3419148651872248,0.5743885551106808,1.6222164313712149,0.0884135833673746,0.17640251170769045,0.31327753086460197,0.8415987387939813,0.1690553550910502,0.4450195790632703,0.2455562776026243,0.5954395942118609,0.3891243554924651,0.9141251813207046,0.16609113311337734,0.38936656102930073,0.13450004374799546,0.29141597572235883,0.39085358297403605,0.8875672852079745,0.06063318369484759,0.11975748755106169,0.004938815036391036,0.011657182824711678,0.09345125133790647,0.222514499843395,0.11025495977069545,0.26998966454460205,0.9623551486076046,4.418783481406023,0.6391130451652554,2.904589045499561,0.7863852869400123,2.55945718751782,0.5134757933583076,1.669320269815771,0.08618671499882731,0.20299057098556048,0.1237101114349652,0.2795760787675661,10
13,430990,0,0.0,187803,0.435747929186292,1055,0,5,GSE294273,0.385781990521327,18827,0.4042007026891246,0.005464948059473789,0.055672407842547136,0.014539747748286527,-0.39873575462965083,-0.39873575462965083,0.9424726828161024,3.753135590857101,0.4213913398058604,1.2067119917471205,0.46207238907131143,1.3519858082124383,0.6813363685861258,2.125507788888468,0.5855514664543944,1.7612991990428712,0.2721439737522636,0.7431525736822409,0.022566620863060827,0.06072882733514658,0.028352447341827857,0.07867527078379183,0.010260231925704803,0.026153881783663895,0.0011041859574598485,0.002952880419652863,0.006225874650149393,0.017044397203171135,0.0019171620450790996,0.004877388164199985,0.003553438954653784,0.010114186862979106,0.004213140834795522,0.010626448794602481,0.06278608887760878,0.1635891352652233,0.19656356017950122,0.559516193055271,0.2557021215860675,0.6726565694584556,0.0022281042946152105,0.005965111341691312,0.002007734115576096,0.005912695763650091,0.07540488400843993,0.219720337702543,0.08005422357008155,0.22624041680074802,0.05805770647441181,0.1773041067221172,0.047851160319163484,0.14338766384463147,0.05754480393523734,0.14570836982247745,0.019170768233479494,0.04955632632984846,0.0019256201364312895,0.004409626998048229,0.0014666707283141635,0.00327487166889534,24
14,71333,144,0.0020187010219673922,18766,0.26307599568222284,3751,1,5,GSE296954,0.9168221807517996,5991,0.3193236091825151,0.07701539471294461,0.041959849715917874,0.26018557183030555,-0.24230821446957052,-0.24230821446957052,0.9128366758558497,2.813429967865903,0.3580596419888294,0.5999983066641124,0.44377179096359803,0.7767454099134052,0.8228591431729504,1.9816658060517547,0.7777049052246224,1.7047891481538264,0.42743106109728574,0.7678863252395548,0.11858934836830425,0.30461653094946284,0.13984117878641647,0.4052265636714169,0.41680693824918846,0.9469848261714958,0.08467821025458219,0.12791640724815928,0.14463555921160137,0.3272884454872878,0.18459952080563816,0.4256587784346769,0.07625986085094438,0.17176843139213807,0.08397078673730662,0.16859758109675285,0.09836923383720429,0.14849442977808244,0.15322770623967166,0.2540063287675135,0.42394431896841034,0.666146928615279,0.028854206581676988,0.042624796486865194,0.002512168576357861,0.0032366418092988412,0.05594394603197271,0.11336553300109051,0.06298130385057801,0.12159095698207179,0.7772276330721872,2.8613364214793946,0.46498427104838513,1.9600135823890383,0.660994260425073,1.6434546135254462,0.5938101214024863,2.1719422224908547,0.13945555547580868,0.27995338676070963,0.18265752133292507,0.3965881200890806,13
15,39722,0,0.0,2829,0.07121997885302855,14043,0,4,GSE292700,0.8024638609983622,11516,0.0793214284197595,0.07606028308425143,0.11926140498613715,0.05044191545874636,-0.0032611453355080727,-0.043201121901885714,0.44696791747406933,0.8347874269895139,0.12371972750052647,0.154271807806049,0.20445990976038556,0.2789590316225206,0.25669569739121484,0.35773436977571893,0.239863809245495,0.3727348735982524,0.11668911742268774,0.16474138469052788,0.4779993403340798,0.8908414784721929,0.5684604117371669,1.1885402595460282,0.10219255856207193,0.16258691050515564,0.022800623484257636,0.02583200275907909,0.3385749364487394,0.5617876693981182,0.04187688078973999,0.061140769981746446,0.030668161281829087,0.0464829679633678,0.017894536323930597,0.028388593201526566,0.2585974337329123,0.3477671029035615,0.34363481679540625,0.53807139734868,0.5557841814903678,1.0103906892761836,0.07169220991974634,0.08346412481477633,0.10614335435759947,0.12644308720591768,0.342640096320141,0.9040688018161727,0.4928185242589957,1.3437538244783696,0.2701372656596526,0.5179248731075282,0.28099280531792054,0.5343280341552074,0.1815579154305767,0.2618022839336018,0.1927849780525463,0.3107360283669844,0.04236015332520226,0.09397636717282247,0.0779606355262974,0.11017997105135663,3
16,157074,0,0.0,94151,0.5994053758101278,409,0,5,GSE296954,0.5672371638141809,7018,0.3791511464606209,0.007625822860515637,0.03759675092009646,0.017760742047031486,-0.37152532360010526,-0.37152532360010526,0.9545629628309811,3.601382798478841,0.2556370059880809,0.665435764837681,0.48925824727630324,1.3437585459934454,0.7503389493002354,2.2811526598801186,0.7373188466180862,2.2635511664418813,0.0761694668621937,0.18203747628150657,0.07018958742582326,0.19509997706086774,0.014065782801703373,0.03804784238636228,0.007815093347604768,0.018717042798159993,0.009706482021937645,0.021375565640817214,0.002587313228664398,0.005813080864465863,0.002330189383255213,0.005003510593350306,0.0011177678431493854,0.0018892751486138315,0.002584270648540794,0.005083872043000826,0.04667743281347845,0.10763103793309943,0.03859615859097336,0.09597271504668815,0.3308499277698446,0.8253136726746498,0.0015571564092755723,0.0037899225614159804,0.0012813404429481059,0.0036759688011022734,0.025492842208369965,0.07077051866458087,0.027618361984292315,0.07555973582194274,0.04051441476778179,0.10800549018069666,0.029070282562361143,0.0845534400493742,0.1524049414661516,0.35949874668146514,0.015253273840499003,0.03827164969858318,0.001140863750791801,0.002841726718980602,0.001954859677730153,0.00432909679137972,22
17,131561,0,0.0,47131,0.35824446454496395,289,0,5,GSE294273,0.629757785467128,5784,0.3979211551543381,0.014760590586440874,0.08057370874661557,0.02533877739993374,-0.38316056456789727,-0.38316056456789727,0.9756250218357151,3.8924318032444756,0.22444817080616358,0.5863623875342893,0.4723909109113259,1.2963526324211738,0.7699189649207663,2.368608833665136,0.5145741813490994,1.392274112182125,0.44849737277776325,1.2455894297081005,0.13491408816971362,0.36015597578279074,0.02772284273430901,0.07251064243215119,0.03146043436881843,0.0860316031148802,0.0010029823483702694,0.002742338602165007,0.007096440579424905,0.017927969454892084,0.007622667968810041,0.021305982536619868,0.002211477042998967,0.005571344647268675,0.001952480193370397,0.0046177186596808445,0.08555538526826031,0.21518808502452444,0.4650538680987083,1.3128630670643324,0.2642423799700609,0.6653899675416682,0.0026435851058944308,0.006580169079329915,0.0030325310552398975,0.008136018399155969,0.06924053678114862,0.18943189290590884,0.08778009972970022,0.23547809097494052,0.16068038506004215,0.44409675103169766,0.039642472748888206,0.10914356525883165,0.10717163182152557,0.26705138684576063,0.010931175717377301,0.02777824561670452,0.010298110318290686,0.02680040909057588,0.007783899755330756,0.020396421464505383,23
18,236832,262,0.0011062694230509391,80173,0.3385226658559654,668,0,5,GSE292700,0.40119760479041916,8782,0.343006272719114,0.13374255397727672,0.05631451418314508,0.4250195957480283,-0.20926371874183727,-0.20926371874183727,0.9485349934633607,3.588544251450419,0.11597885498655641,0.2805157535668619,0.26246507323409707,0.6723566475351322,0.713000846422603,2.097512266223104,0.5947250471431614,1.683689998382199,0.39260354674510534,1.0418611884702287,0.023127844936012686,0.059978001810448336,0.11218811370905292,0.3647379794007098,0.6230374998378551,1.9879623113914116,0.028236562800457957,0.07005928362164365,0.3589991419977349,1.0371506975742801,0.040972336922944684,0.12027277712435143,0.09507449077812405,0.2496019303639557,0.3789385667821466,0.9967118560871067,0.029114251768385415,0.07295007538882663,0.032334057648015634,0.08256396850608999,0.32387024568881634,0.8137798350687118,0.14727056415712778,0.35685478045885066,0.0025493114424727254,0.006696069495018381,0.0799920444587014,0.2249873286522372,0.0948287097083591,0.25608985262005163,0.9957317250658552,5.206447536863379,0.8277884961389387,4.1321836286590665,0.8078741980172602,2.781562665479037,0.7739993702991786,2.795225656284077,0.07782777536957285,0.18962947571778915,0.12508299626633798,0.32954762141432875,9
19,490300,20237,0.041274729757291455,18316,0.03735672037528044,9162,461,5,GSE292700,0.8668413010259769,36206,0.2544082015567437,0.39615269175793244,0.054327896078006026,0.5219434865692849,0.14174449020118873,0.14174449020118873,0.5508414041651452,1.858144524709536,0.035675641826982005,0.08161042532801964,0.1506866891714205,0.34851589277556816,0.6016552207377376,1.653103941664443,0.8526390432182878,2.8816248680992245,0.05865902145985342,0.1352958398082241,0.5016734951348116,1.7054114874684652,0.8500350949025898,3.2284349577582234,0.8470260198554328,2.8055783697505126,0.2760971289362504,0.6628835654005246,0.7494567102049862,2.4651092720988443,0.21932881666746468,0.6469613044894577,0.6073123023349958,1.7311485204742636,0.5545787627921498,1.5085242631447817,0.029040056025689504,0.06862102143118806,0.02276455232114857,0.057218732789230606,0.35000078787515004,0.8494511604975722,0.13176488935804317,0.3080377313107759,0.00356678455841392,0.009122620216668547,0.08458812788002006,0.2280633966366059,0.08906020171616187,0.23062228955542688,0.9973394259434867,5.364453386982468,0.9182393680242699,5.020007243254855,0.9068697563906797,3.555249201987879,0.8978685372488587,3.6300958618209984,0.18922214818406594,0.5267321265756645,0.2554851061253857,0.719031846991894,1
20,7922,0,0.0,515,0.06500883615248675,488,0,4,GSE294273,0.8831967213114754,783,0.062003724162297665,0.09523981542799043,0.19572506066170822,0.09052145010586032,0.03323609126569276,-0.1004852452337178,0.3088410149763659,0.6861523514040467,0.06963442207858593,0.12519456722099848,0.07576290099967913,0.12263719364402836,0.26223391505208016,0.4480083078017351,0.12319957581520284,0.20328629175443255,0.053137212476549865,0.10566462236415262,0.5350655823968773,1.599956887265386,0.59350453125926,1.9371164332968551,0.059168964458588755,0.10663365996157395,0.009239407398497218,0.00672648116844091,0.0460734824330162,0.09281107452979587,0.0050813313357998095,0.005472761200637524,0.016893160298917936,0.0176627928225025,0.017915294969914213,0.021498243042130556,0.4906689272687606,1.0877537053179323,0.6494099059452546,1.6682328290500565,0.6351413939659377,1.2905524882418444,0.2215142771718514,0.38601993163295334,0.16080010269934625,0.29728714584149707,0.33623594910100696,0.981616188981727,0.3001656339480567,0.8424629778429044,0.5459979106887911,1.1507783603895487,0.13045498596659752,0.3449346574844668,0.10101145245032432,0.17627040514039294,0.3815518961120313,1.557927604786444,0.00842601428621415,0.011255480692785761,0.014175724184043939,0.019957626642333262,7
21,97960,1,1.0208248264597795e-05,54541,0.5567680685994283,14980,0,5,GSE159251,0.9658210947930574,25625,0.28535960628861967,0.026169566539307482,0.0398032185583896,0.10410100652830796,-0.2591900397493122,-0.2591900397493122,0.913376591073945,3.489619614193443,0.13874711784749122,0.3606332977517671,0.23399070565749108,0.6444912717205811,0.46421065647345194,1.3934970529542607,0.5326291100757897,1.595328173065162,0.14925079527740268,0.3988372943379525,0.018579221356810696,0.05353177739802117,0.04369279394678156,0.1401187389806872,0.11420703181519587,0.3221721900716431,0.014352734656980322,0.03601328001297376,0.03696783638025788,0.10414498120555113,0.022798041054294775,0.06455874920271602,0.02341777430432621,0.06515359523415723,0.06262904641115566,0.17619482876823042,0.03353593052648924,0.08944729623394616,0.18345813196533498,0.5601048417279484,0.17676811200055378,0.4667217993605322,0.014991719576663782,0.03957941615917822,0.00014787087666808717,0.0004968383081198264,0.015954813832799952,0.04757401131812549,0.017017498294593005,0.04878531415257011,0.4297246381061166,1.7577346356198844,0.14969695753487008,0.6660282635545755,0.1771986058926357,0.541840014896397,0.1876859640087244,0.6393186856371319,0.027315916909038,0.0855253941481063,0.027596300884528288,0.08032330637029078,15
22,46730,0,0.0,435,0.009308795206505457,77,0,4,GSE296954,0.4675324675324675,4086,0.32105834537525696,0.05360158930651122,0.01747560371196626,0.11425726414170062,-0.26745675606874575,-0.26745675606874575,0.8309191369955868,2.7276514924833015,0.4293290805438653,1.1683456282801534,0.23750905810471887,0.5836064271239333,0.5208083215278625,1.4528573122134687,0.6444597823093459,1.8651647422815005,0.3310586531821879,0.8679876348004727,0.021275240331887883,0.057651659242650886,0.021674674102518263,0.06613045325570317,0.46490536507516367,1.397946501990912,0.06657364768737264,0.15982642626691546,0.00044343907608500506,0.0009847321635295199,0.09957354638058774,0.3117935855487859,0.0013091091442851161,0.002911365471956114,0.0007022974633590573,0.0016055581156289404,0.005869246610024014,0.011686674889422436,0.011492765488494008,0.02601463591292629,0.18569956223729472,0.43795148776487647,0.01685068489123019,0.040516462707127096,0.00022171953804250253,0.0005920048219001026,0.0009040381793432457,0.0020776721964445325,0.0008069192050553294,0.001987030266279825,0.4108130757720933,1.193003521456377,0.1355591798542623,0.5626981951124465,0.1725798351847331,0.43678457543930066,0.15697118092217918,0.4624576195220662,0.21299802610732682,0.7040423039908886,0.2113400098299165,0.6369610937134769,17
23,11226,26,0.0023160520220915732,4894,0.4359522536967753,39,0,2,GSE292700,0.9743589743589743,386,0.29232573623782243,0.10977369660162495,0.0624552674913497,0.16787900421152963,-0.18255203963619748,-0.18255203963619748,0.7695565997165629,2.864168624086346,0.19259034682069245,0.5296529552501699,0.3004028456672091,0.8129508302101511,0.5223881112588216,1.4637028279423614,0.5913334386548806,1.7452906819030012,0.21754012726305172,0.5546423031343366,0.35707872490717724,1.0986155282706107,0.24167548344831463,0.8667264007357273,0.2656223165103355,0.766830045481599,0.061386714079585854,0.13885438686963228,0.16062141405912023,0.48836660562854134,0.053522827979694834,0.1398142984098497,0.1149529988531323,0.2882818746566751,0.13343973500333325,0.349594930133302,0.04962669850540723,0.11238534078545737,0.15982109142197717,0.4152927095147289,0.26888341588531706,0.6818769388121778,0.03878885071261958,0.10526236852191462,0.009819507038845014,0.025539013268966657,0.14434492722060555,0.43182394060018675,0.14064635145142465,0.3921887969376443,0.4510210929564738,2.0952706434423947,0.3640954337960974,1.70717784714375,0.311539975632535,1.0774870726297643,0.2771903104123137,0.972264099830267,0.04884439345253278,0.13070463821923792,0.05585061817582654,0.12835454803321067,8
