sequence,operation,dataset_id,role,old_path,new_path,expected_kind,device,inode,size_bytes,mtime_ns
1,root_alias,,top_level_legacy_root_alias,downloads,data/compat/downloads,directory,62,24682416,12288,1784109490458388713
2,root_alias,,top_level_legacy_root_alias,analysis_26GSE_V4,data/compat/analysis_26GSE_V4,directory,62,24938282,4096,1784109350814789368
3,root_alias,,top_level_legacy_root_alias,newdata,data/compat/newdata,directory,62,24969494,12288,1776184032165908849
4,move_and_link,GSE123813,legacy_download_source_bundle,downloads/GSE123813,data/datasets/GSE123813/raw/legacy_source,directory,62,24973214,4096,1770835374135926619
5,move_and_link,GSE125527,legacy_download_source_bundle,downloads/GSE125527,data/datasets/GSE125527/raw/legacy_source,directory,62,24973304,4096,1770836346952213419
6,move_and_link,GSE139555,legacy_download_source_bundle,downloads/GSE139555,data/datasets/GSE139555/raw/legacy_source,directory,62,24973183,4096,1770834130939773782
7,move_and_link,GSE144469,legacy_download_source_bundle,downloads/GSE144469,data/datasets/GSE144469/raw/legacy_source,directory,62,24973125,4096,1774613222817090196
8,move_and_link,GSE145926,legacy_download_source_bundle,downloads/GSE145926,data/datasets/GSE145926/raw/legacy_source,directory,62,24973177,4096,1770834109628690603
9,move_and_link,GSE149298,legacy_download_source_bundle,downloads/GSE149298,data/datasets/GSE149298/raw/legacy_source,directory,62,24973170,4096,1770834102660663731
10,move_and_link,GSE155222,legacy_download_source_bundle,downloads/GSE155222,data/datasets/GSE155222/raw/legacy_source,directory,62,24973067,4096,1773748287736383598
11,move_and_link,GSE155223,legacy_download_source_bundle,downloads/GSE155223,data/datasets/GSE155223/raw/legacy_source,directory,62,24973061,4096,1771263102510825798
12,move_and_link,GSE161918,legacy_download_source_bundle,downloads/GSE161918,data/datasets/GSE161918/raw/legacy_source,directory,62,24973075,4096,1774243654590792798
13,move_and_link,GSE162498,legacy_download_source_bundle,downloads/GSE162498,data/datasets/GSE162498/raw/legacy_source,directory,62,24973112,4096,1771263155014091741
14,move_and_link,GSE162499,legacy_download_source_bundle,downloads/GSE162499,data/datasets/GSE162499/raw/legacy_source,directory,62,24973103,4096,1770832931175379471
15,move_and_link,GSE168163,legacy_download_source_bundle,downloads/GSE168163,data/datasets/GSE168163/raw/legacy_source,directory,62,24973025,4096,1773857872327254121
16,move_and_link,GSE168859,legacy_download_source_bundle,downloads/GSE168859,data/datasets/GSE168859/raw/legacy_source,directory,62,24973019,4096,1774243654592792808
17,move_and_link,GSE169441,legacy_download_source_bundle,downloads/GSE169441,data/datasets/GSE169441/raw/legacy_source,directory,62,24972995,4096,1770831289960048383
18,move_and_link,GSE171037,legacy_download_source_bundle,downloads/GSE171037,data/datasets/GSE171037/raw/legacy_source,directory,62,24973048,4096,1770831579844105603
19,move_and_link,GSE175930,legacy_download_source_bundle,downloads/GSE175930,data/datasets/GSE175930/raw/legacy_source,directory,62,24973041,4096,1770831551534907830
20,move_and_link,GSE178882,legacy_download_source_bundle,downloads/GSE178882,data/datasets/GSE178882/raw/legacy_source,directory,62,24972989,4096,1770831248043743741
21,move_and_link,GSE179994,legacy_download_source_bundle,downloads/GSE179994,data/datasets/GSE179994/raw/legacy_source,directory,62,24973031,4096,1770831502986567305
22,move_and_link,GSE181710,legacy_download_source_bundle,downloads/GSE181710,data/datasets/GSE181710/raw/legacy_source,directory,62,24972909,4096,1770826761239143750
23,move_and_link,GSE188620,legacy_download_source_bundle,downloads/GSE188620,data/datasets/GSE188620/raw/legacy_source,directory,62,24973007,4096,1770831361776565524
24,move_and_link,GSE189126,legacy_download_source_bundle,downloads/GSE189126,data/datasets/GSE189126/raw/legacy_source,directory,62,24973013,4096,1770831427782036048
25,move_and_link,GSE190870,legacy_download_source_bundle,downloads/GSE190870,data/datasets/GSE190870/raw/legacy_source,directory,62,24973298,4096,1773748287739383608
26,move_and_link,GSE198265,legacy_download_source_bundle,downloads/GSE198265,data/datasets/GSE198265/raw/legacy_source,directory,62,24973001,4096,1770831354256511639
27,move_and_link,GSE211504,legacy_download_source_bundle,downloads/GSE211504,data/datasets/GSE211504/raw/legacy_source,directory,62,24972983,4096,1770831219783537065
28,move_and_link,GSE212217,legacy_download_source_bundle,downloads/GSE212217,data/datasets/GSE212217/raw/legacy_source,directory,62,24972966,4096,1770827462161365408
29,move_and_link,GSE221776,legacy_download_source_bundle,downloads/GSE221776,data/datasets/GSE221776/raw/legacy_source,directory,62,24972828,4096,1774243654594792818
30,move_and_link,GSE227709,legacy_download_source_bundle,downloads/GSE227709,data/datasets/GSE227709/raw/legacy_source,directory,62,24972959,4096,1770827441408194929
31,move_and_link,GSE228597,legacy_download_source_bundle,downloads/GSE228597,data/datasets/GSE228597/raw/legacy_source,directory,62,24972745,4096,1770824919638015366
32,move_and_link,GSE229858,legacy_download_source_bundle,downloads/GSE229858,data/datasets/GSE229858/raw/legacy_source,directory,62,24972946,4096,1770827295129977346
33,move_and_link,GSE229860,legacy_download_source_bundle,downloads/GSE229860,data/datasets/GSE229860/raw/legacy_source,directory,62,24972940,4096,1770827289784932265
34,move_and_link,GSE232240,legacy_download_source_bundle,downloads/GSE232240,data/datasets/GSE232240/raw/legacy_source,directory,62,24972925,4096,1773748287739383608
35,move_and_link,GSE234069,legacy_download_source_bundle,downloads/GSE234069,data/datasets/GSE234069/raw/legacy_source,directory,62,24972952,4096,1773748287740383611
36,move_and_link,GSE234352,legacy_download_source_bundle,downloads/GSE234352,data/datasets/GSE234352/raw/legacy_source,directory,62,24972932,4096,1770827272489786074
37,move_and_link,GSE235863,legacy_download_source_bundle,downloads/GSE235863,data/datasets/GSE235863/raw/legacy_source,directory,62,24972701,4096,1770823982689443525
38,move_and_link,GSE240361,legacy_download_source_bundle,downloads/GSE240361,data/datasets/GSE240361/raw/legacy_source,directory,62,24972821,4096,1770826495180308306
39,move_and_link,GSE240865,legacy_download_source_bundle,downloads/GSE240865,data/datasets/GSE240865/raw/legacy_source,directory,62,24972771,4096,1770825379230543760
40,move_and_link,GSE241783,legacy_download_source_bundle,downloads/GSE241783,data/datasets/GSE241783/raw/legacy_source,directory,62,24972919,4096,1770826788037408352
41,move_and_link,GSE243572,legacy_download_source_bundle,downloads/GSE243572,data/datasets/GSE243572/raw/legacy_source,directory,62,24972902,4096,1770826715055679979
42,move_and_link,GSE243905,legacy_download_source_bundle,downloads/GSE243905,data/datasets/GSE243905/raw/legacy_source,directory,62,24972811,4096,1770825442281774933
43,move_and_link,GSE247531,legacy_download_source_bundle,downloads/GSE247531,data/datasets/GSE247531/raw/legacy_source,directory,62,24973227,4096,1770835407193105753
44,move_and_link,GSE252762,legacy_download_source_bundle,downloads/GSE252762,data/datasets/GSE252762/raw/legacy_source,directory,62,24972838,4096,1770826533044739063
45,move_and_link,GSE253173,legacy_download_source_bundle,downloads/GSE253173,data/datasets/GSE253173/raw/legacy_source,directory,62,24973293,4096,1770836181756298059
46,move_and_link,GSE254176,legacy_download_source_bundle,downloads/GSE254176,data/datasets/GSE254176/raw/legacy_source,directory,62,24972689,4096,1770823870699943448
47,move_and_link,GSE254249,legacy_download_source_bundle,downloads/GSE254249,data/datasets/GSE254249/raw/legacy_source,directory,62,24682438,4096,1770822758398469942
48,move_and_link,GSE267639,legacy_download_source_bundle,downloads/GSE267639,data/datasets/GSE267639/raw/legacy_source,directory,62,24972725,4096,1770824145733043966
49,move_and_link,GSE267642,legacy_download_source_bundle,downloads/GSE267642,data/datasets/GSE267642/raw/legacy_source,directory,62,24972719,4096,1770824138637054580
50,move_and_link,GSE267645,legacy_download_source_bundle,downloads/GSE267645,data/datasets/GSE267645/raw/legacy_source,directory,62,24972712,4096,1770824074939175776
51,move_and_link,GSE271413,legacy_download_source_bundle,downloads/GSE271413,data/datasets/GSE271413/raw/legacy_source,directory,62,24972683,4096,1770823767934608334
52,move_and_link,GSE273170,legacy_download_source_bundle,downloads/GSE273170,data/datasets/GSE273170/raw/legacy_source,directory,62,24972738,4096,1770824899793958176
53,move_and_link,GSE276167,legacy_download_source_bundle,downloads/GSE276167,data/datasets/GSE276167/raw/legacy_source,directory,62,24972732,4096,1770824151457035808
54,move_and_link,GSE278119,legacy_download_source_bundle,downloads/GSE278119,data/datasets/GSE278119/raw/legacy_source,directory,62,24682432,4096,1770822645722830116
55,move_and_link,GSE286518,legacy_download_source_bundle,downloads/GSE286518,data/datasets/GSE286518/raw/legacy_source,directory,62,24682424,4096,1770822615783661453
56,move_and_link,GSE287301,legacy_download_source_bundle,downloads/GSE287301,data/datasets/GSE287301/raw/legacy_source,directory,62,24972657,4096,1770823302432633869
57,move_and_link,GSE287541,legacy_download_source_bundle,downloads/GSE287541,data/datasets/GSE287541/raw/legacy_source,directory,62,24972696,4096,1770823920003697277
58,move_and_link,GSE288452,legacy_download_source_bundle,downloads/GSE288452,data/datasets/GSE288452/raw/legacy_source,directory,62,24682450,4096,1770823051575163324
59,move_and_link,GSE296971,legacy_download_source_bundle,downloads/GSE296971,data/datasets/GSE296971/raw/legacy_source,directory,62,24972667,4096,1770823705595126680
60,move_and_link,GSE301528,legacy_download_source_bundle,downloads/GSE301528,data/datasets/GSE301528/raw/legacy_source,directory,62,24972677,4096,1770823717320021871
61,move_and_link,GSE308075,legacy_download_source_bundle,downloads/GSE308075,data/datasets/GSE308075/raw/legacy_source,directory,62,24972651,4096,1770823251676335185
62,move_and_link,GSE311112,legacy_download_source_bundle,downloads/GSE311112,data/datasets/GSE311112/raw/legacy_source,directory,62,24682418,4096,1770822543292255770
63,move_and_link,GSE139555,legacy_scanpy_project,analysis_26GSE_V4/scanpy_projects/GSE139555,data/datasets/GSE139555/interim/scanpy_project,directory,62,25199120,4096,1771212629229860306
64,move_and_link,GSE144469,legacy_scanpy_project,analysis_26GSE_V4/scanpy_projects/GSE144469,data/datasets/GSE144469/interim/scanpy_project,directory,62,25201712,4096,1771212629237541604
65,move_and_link,GSE145926,legacy_scanpy_project,analysis_26GSE_V4/scanpy_projects/GSE145926,data/datasets/GSE145926/interim/scanpy_project,directory,62,25199193,4096,1771212629295965410
66,move_and_link,GSE155222,legacy_scanpy_project,analysis_26GSE_V4/scanpy_projects/GSE155222,data/datasets/GSE155222/interim/scanpy_project,directory,62,25201748,4096,1771212629254127921
67,move_and_link,GSE155223,legacy_scanpy_project,analysis_26GSE_V4/scanpy_projects/GSE155223,data/datasets/GSE155223/interim/scanpy_project,directory,62,25201736,4096,1771212629251765079
68,move_and_link,GSE161918,legacy_scanpy_project,analysis_26GSE_V4/scanpy_projects/GSE161918,data/datasets/GSE161918/interim/scanpy_project,directory,62,25199289,4096,1771212629265733505
69,move_and_link,GSE162498,legacy_scanpy_project,analysis_26GSE_V4/scanpy_projects/GSE162498,data/datasets/GSE162498/interim/scanpy_project,directory,62,25201724,4096,1771212629249434148
70,move_and_link,GSE171037,legacy_scanpy_project,analysis_26GSE_V4/scanpy_projects/GSE171037,data/datasets/GSE171037/interim/scanpy_project,directory,62,25199376,4096,1771212629293644126
71,move_and_link,GSE178882,legacy_scanpy_project,analysis_26GSE_V4/scanpy_projects/GSE178882,data/datasets/GSE178882/interim/scanpy_project,directory,62,25199459,4096,1771212629272651909
72,move_and_link,GSE188620,legacy_scanpy_project,analysis_26GSE_V4/scanpy_projects/GSE188620,data/datasets/GSE188620/interim/scanpy_project,directory,62,25199545,4096,1771212629232202228
73,move_and_link,GSE190870,legacy_scanpy_project,analysis_26GSE_V4/scanpy_projects/GSE190870,data/datasets/GSE190870/interim/scanpy_project,directory,62,25199618,4096,1771212629270324584
74,move_and_link,GSE211504,legacy_scanpy_project,analysis_26GSE_V4/scanpy_projects/GSE211504,data/datasets/GSE211504/interim/scanpy_project,directory,62,25199690,4096,1771212629258785615
75,move_and_link,GSE212217,legacy_scanpy_project,analysis_26GSE_V4/scanpy_projects/GSE212217,data/datasets/GSE212217/interim/scanpy_project,directory,62,25199775,4096,1771212629275042983
76,move_and_link,GSE227709,legacy_scanpy_project,analysis_26GSE_V4/scanpy_projects/GSE227709,data/datasets/GSE227709/interim/scanpy_project,directory,62,25199852,4096,1771212629268029931
77,move_and_link,GSE228597,legacy_scanpy_project,analysis_26GSE_V4/scanpy_projects/GSE228597,data/datasets/GSE228597/interim/scanpy_project,directory,62,25199921,4096,1771212629227328247
78,move_and_link,GSE241783,legacy_scanpy_project,analysis_26GSE_V4/scanpy_projects/GSE241783,data/datasets/GSE241783/interim/scanpy_project,directory,62,25201700,4096,1771212629219546801
79,move_and_link,GSE243013,legacy_scanpy_project,analysis_26GSE_V4/scanpy_projects/GSE243013,data/datasets/GSE243013/interim/scanpy_project,directory,62,25201760,4096,1771212629263430957
80,move_and_link,GSE243572,legacy_scanpy_project,analysis_26GSE_V4/scanpy_projects/GSE243572,data/datasets/GSE243572/interim/scanpy_project,directory,62,25199986,4096,1771212629261108381
81,move_and_link,GSE243905,legacy_scanpy_project,analysis_26GSE_V4/scanpy_projects/GSE243905,data/datasets/GSE243905/interim/scanpy_project,directory,62,25200073,4096,1771212629224694126
82,move_and_link,GSE252762,legacy_scanpy_project,analysis_26GSE_V4/scanpy_projects/GSE252762,data/datasets/GSE252762/interim/scanpy_project,directory,62,25200169,4096,1771212629256433083
83,move_and_link,GSE254176,legacy_scanpy_project,analysis_26GSE_V4/scanpy_projects/GSE254176,data/datasets/GSE254176/interim/scanpy_project,directory,62,25200235,4096,1771212629242471060
84,move_and_link,GSE254249,legacy_scanpy_project,analysis_26GSE_V4/scanpy_projects/GSE254249,data/datasets/GSE254249/interim/scanpy_project,directory,62,25200277,4096,1771212629222124115
85,move_and_link,GSE267645,legacy_scanpy_project,analysis_26GSE_V4/scanpy_projects/GSE267645,data/datasets/GSE267645/interim/scanpy_project,directory,62,25200316,4096,1771212629240137113
86,move_and_link,GSE301528,legacy_scanpy_project,analysis_26GSE_V4/scanpy_projects/GSE301528,data/datasets/GSE301528/interim/scanpy_project,directory,62,25200346,4096,1771212629244832428
87,move_and_link,GSE308075,legacy_scanpy_project,analysis_26GSE_V4/scanpy_projects/GSE308075,data/datasets/GSE308075/interim/scanpy_project,directory,62,25200374,4096,1771212629247136880
88,move_and_link,GSE311112,legacy_scanpy_project,analysis_26GSE_V4/scanpy_projects/GSE311112,data/datasets/GSE311112/interim/scanpy_project,directory,62,25200395,4096,1771212629234629341
89,move_and_link,MalteGDT,incomplete_processed_artifact,downloads/per_gse_h5ad_with_metadata/.MalteGDT_sorted_gdt.h5ad.3995382.tmp,data/datasets/MalteGDT/processed/quarantine/.MalteGDT_sorted_gdt.h5ad.3995382.tmp,file,62,25232469,148846608,1776174979193707839
90,move_and_link,GSE125527,processed_h5ad_artifact,downloads/per_gse_h5ad_with_metadata/GSE125527_with_metadata.h5ad,data/datasets/GSE125527/processed/artifacts/GSE125527_with_metadata.h5ad,file,62,25232362,530157009,1773915673117116710
91,move_and_link,GSE125527,historical_processed_artifact,downloads/per_gse_h5ad_with_metadata/GSE125527_with_metadata.h5ad.bak_before_gene_cleanup,data/datasets/GSE125527/processed/archive/GSE125527_with_metadata.h5ad.bak_before_gene_cleanup,file,62,25232396,529543960,1771519638276945879
92,move_and_link,GSE144469,processed_h5ad_artifact,downloads/per_gse_h5ad_with_metadata/GSE144469_with_metadata.h5ad,data/datasets/GSE144469/processed/artifacts/GSE144469_with_metadata.h5ad,file,62,25232367,2123191128,1773915691074197413
93,move_and_link,GSE144469,historical_processed_artifact,downloads/per_gse_h5ad_with_metadata/GSE144469_with_metadata.h5ad.bak_before_gene_cleanup,data/datasets/GSE144469/processed/archive/GSE144469_with_metadata.h5ad.bak_before_gene_cleanup,file,62,25232397,2184926313,1771519646024991842
94,move_and_link,GSE155222,processed_h5ad_artifact,downloads/per_gse_h5ad_with_metadata/GSE155222_with_metadata.h5ad,data/datasets/GSE155222/processed/artifacts/GSE155222_with_metadata.h5ad,file,62,25232368,479628463,1773915697103224702
95,move_and_link,GSE155222,historical_processed_artifact,downloads/per_gse_h5ad_with_metadata/GSE155222_with_metadata.h5ad.bak_before_gene_cleanup,data/datasets/GSE155222/processed/archive/GSE155222_with_metadata.h5ad.bak_before_gene_cleanup,file,62,25232398,558668648,1771519657330050718
96,move_and_link,GSE155223,processed_h5ad_artifact,downloads/per_gse_h5ad_with_metadata/GSE155223_with_metadata.h5ad,data/datasets/GSE155223/processed/artifacts/GSE155223_with_metadata.h5ad,file,62,25232369,734679688,1773915705099261042
97,move_and_link,GSE155223,historical_processed_artifact,downloads/per_gse_h5ad_with_metadata/GSE155223_with_metadata.h5ad.bak_before_gene_cleanup,data/datasets/GSE155223/processed/archive/GSE155223_with_metadata.h5ad.bak_before_gene_cleanup,file,62,25232399,755247979,1771519661074078366
98,move_and_link,GSE168163,processed_h5ad_artifact,downloads/per_gse_h5ad_with_metadata/GSE168163_with_metadata.h5ad,data/datasets/GSE168163/processed/artifacts/GSE168163_with_metadata.h5ad,file,62,25232370,2899877359,1773915719024324719
99,move_and_link,GSE168163,historical_processed_artifact,downloads/per_gse_h5ad_with_metadata/GSE168163_with_metadata.h5ad.bak_before_gene_cleanup,data/datasets/GSE168163/processed/archive/GSE168163_with_metadata.h5ad.bak_before_gene_cleanup,file,62,25232401,3251130358,1771519671152142475
100,move_and_link,GSE168859,processed_h5ad_artifact,downloads/per_gse_h5ad_with_metadata/GSE168859_with_metadata.h5ad,data/datasets/GSE168859/processed/artifacts/GSE168859_with_metadata.h5ad,file,62,25232414,26293452922,1773915927340328835
101,move_and_link,GSE168859,historical_processed_artifact,downloads/per_gse_h5ad_with_metadata/GSE168859_with_metadata.h5ad.bak_before_gene_cleanup,data/datasets/GSE168859/processed/archive/GSE168859_with_metadata.h5ad.bak_before_gene_cleanup,file,62,25232403,32746203306,1771519748846527410
102,move_and_link,GSE179994,processed_h5ad_artifact,downloads/per_gse_h5ad_with_metadata/GSE179994_with_tcr.h5ad,data/datasets/GSE179994/processed/artifacts/GSE179994_with_tcr.h5ad,file,62,25232439,2516609292,1773993564463439911
103,move_and_link,GSE221776,processed_h5ad_artifact,downloads/per_gse_h5ad_with_metadata/GSE221776_with_metadata.h5ad,data/datasets/GSE221776/processed/artifacts/GSE221776_with_metadata.h5ad,file,62,25232415,448380153,1773926785218337989
104,move_and_link,GSE221776,historical_processed_artifact,downloads/per_gse_h5ad_with_metadata/GSE221776_with_metadata.h5ad.bak_before_gene_cleanup,data/datasets/GSE221776/processed/archive/GSE221776_with_metadata.h5ad.bak_before_gene_cleanup,file,62,25232408,33926856309,1771519999472833452
105,move_and_link,GSE221776,historical_processed_artifact,downloads/per_gse_h5ad_with_metadata/GSE221776_with_metadata.h5ad.bak_wrong_170125cells,data/datasets/GSE221776/processed/archive/GSE221776_with_metadata.h5ad.bak_wrong_170125cells,file,62,25232445,21683144290,1772097214247616993
106,move_and_link,GSE229858,processed_h5ad_artifact,downloads/per_gse_h5ad_with_metadata/GSE229858_with_metadata.h5ad,data/datasets/GSE229858/processed/artifacts/GSE229858_with_metadata.h5ad,file,62,25232418,3543568542,1773920667271968945
107,move_and_link,GSE229858,historical_processed_artifact,downloads/per_gse_h5ad_with_metadata/GSE229858_with_metadata.h5ad.bak_before_gene_cleanup,data/datasets/GSE229858/processed/archive/GSE229858_with_metadata.h5ad.bak_before_gene_cleanup,file,62,25232410,4983520481,1771520059566146697
108,move_and_link,GSE232240,processed_h5ad_artifact,downloads/per_gse_h5ad_with_metadata/GSE232240_with_metadata.h5ad,data/datasets/GSE232240/processed/artifacts/GSE232240_with_metadata.h5ad,file,62,25232419,3233828037,1773920683331059580
109,move_and_link,GSE232240,historical_processed_artifact,downloads/per_gse_h5ad_with_metadata/GSE232240_with_metadata.h5ad.bak_before_gene_cleanup,data/datasets/GSE232240/processed/archive/GSE232240_with_metadata.h5ad.bak_before_gene_cleanup,file,62,25232412,3903341087,1771520076844737471
110,move_and_link,GSE234069,processed_h5ad_artifact,downloads/per_gse_h5ad_with_metadata/GSE234069_with_tcr.h5ad,data/datasets/GSE234069/processed/artifacts/GSE234069_with_tcr.h5ad,file,62,25232462,288465897,1773994070659564285
111,move_and_link,GSE235863,processed_h5ad_artifact,downloads/per_gse_h5ad_with_metadata/GSE235863_with_tcr.h5ad,data/datasets/GSE235863/processed/artifacts/GSE235863_with_tcr.h5ad,file,62,25232448,3726516735,1773993884182506221
112,move_and_link,GSE240361,processed_h5ad_artifact,downloads/per_gse_h5ad_with_metadata/GSE240361_with_metadata.h5ad,data/datasets/GSE240361/processed/artifacts/GSE240361_with_metadata.h5ad,file,62,25232420,413826415,1773920690922102437
113,move_and_link,GSE240361,historical_processed_artifact,downloads/per_gse_h5ad_with_metadata/GSE240361_with_metadata.h5ad.bak_before_gene_cleanup,data/datasets/GSE240361/processed/archive/GSE240361_with_metadata.h5ad.bak_before_gene_cleanup,file,62,25232441,763622405,1771520085993692961
114,move_and_link,GSE240865,processed_h5ad_artifact,downloads/per_gse_h5ad_with_metadata/GSE240865_with_tcr.h5ad,data/datasets/GSE240865/processed/artifacts/GSE240865_with_tcr.h5ad,file,62,25232465,370996517,1773996745035598646
115,move_and_link,GSE240865,historical_processed_artifact,downloads/per_gse_h5ad_with_metadata/GSE240865_with_tcr.h5ad.bak_before_supplementary_rebuild,data/datasets/GSE240865/processed/archive/GSE240865_with_tcr.h5ad.bak_before_supplementary_rebuild,file,62,25232464,370012837,1773994051180550005
116,move_and_link,GSE241783,processed_h5ad_artifact,downloads/per_gse_h5ad_with_metadata/GSE241783_with_tcr.h5ad,data/datasets/GSE241783/processed/artifacts/GSE241783_with_tcr.h5ad,file,62,25232432,3656812368,1773939523022380924
117,move_and_link,GSE241783,historical_processed_artifact,downloads/per_gse_h5ad_with_metadata/GSE241783_with_tcr.h5ad.bak_before_TRA_fix_20260320,data/datasets/GSE241783/processed/archive/GSE241783_with_tcr.h5ad.bak_before_TRA_fix_20260320,file,62,25232421,12527061668,1773920761469501191
118,move_and_link,GSE241783,historical_processed_artifact,downloads/per_gse_h5ad_with_metadata/GSE241783_with_tcr.h5ad.bak_before_gene_cleanup,data/datasets/GSE241783/processed/archive/GSE241783_with_tcr.h5ad.bak_before_gene_cleanup,file,62,25232446,13221014962,1771520130787540460
119,move_and_link,GSE243013,processed_h5ad_artifact,downloads/per_gse_h5ad_with_metadata/GSE243013_TNK.h5ad,data/datasets/GSE243013/processed/artifacts/GSE243013_TNK.h5ad,file,62,25232422,13628747457,1773920850989008250
120,move_and_link,GSE287301,processed_h5ad_artifact,downloads/per_gse_h5ad_with_metadata/GSE287301_with_tcr.h5ad,data/datasets/GSE287301/processed/artifacts/GSE287301_with_tcr.h5ad,file,62,25232463,8537762638,1773996402668281083
121,move_and_link,GSE287541,processed_h5ad_artifact,downloads/per_gse_h5ad_with_metadata/GSE287541_with_tcr.h5ad,data/datasets/GSE287541/processed/artifacts/GSE287541_with_tcr.h5ad,file,62,25232461,2498841200,1773994064985557874
122,move_and_link,HRA005041,processed_h5ad_artifact,downloads/per_gse_h5ad_with_metadata/HRA005041_T_cells_subset.h5ad,data/datasets/HRA005041/processed/artifacts/HRA005041_T_cells_subset.h5ad,file,62,25238115,19626113528,1776138030398204610
123,move_and_link,HRA005041,local_source_bundle,newdata/HRA005041,data/datasets/HRA005041/raw/legacy_source,directory,62,25268571,4096,1776097379739175277
124,move_and_link,GDT_2020AUG_woCOV,sorted_gdt_source,newdata/Sorted_gdT/GDT_2020AUG_woCOV.rds,data/datasets/GDT_2020AUG_woCOV/raw/source/GDT_2020AUG_woCOV.rds,file,62,25268741,3665021707,1776138910184748645
125,move_and_link,GDT_2020AUG_woCOV,sorted_gdt_processed_h5ad,newdata/Sorted_gdT/GDT_2020AUG_woCOV_sorted_gdt.h5ad,data/datasets/GDT_2020AUG_woCOV/processed/artifacts/GDT_2020AUG_woCOV_sorted_gdt.h5ad,file,62,25268521,591495928,1776180216512539387
126,move_and_link,GDTlung2023july_7p,sorted_gdt_source,newdata/Sorted_gdT/GDTlung2023july_7p.rds,data/datasets/GDTlung2023july_7p/raw/source/GDTlung2023july_7p.rds,file,62,25268742,1021325837,1776138962258168926
127,move_and_link,GDTlung2023july_7p,sorted_gdt_processed_h5ad,newdata/Sorted_gdT/GDTlung2023july_7p_sorted_gdt.h5ad,data/datasets/GDTlung2023july_7p/processed/artifacts/GDTlung2023july_7p_sorted_gdt.h5ad,file,62,25268524,276869875,1776180229759606201
128,move_and_link,MalteGDT,sorted_gdt_source,newdata/Sorted_gdT/MalteGDT.rds,data/datasets/MalteGDT/raw/source/MalteGDT.rds,file,62,25268743,211680785,1776138979973311906
129,move_and_link,MalteGDT,sorted_gdt_processed_h5ad,newdata/Sorted_gdT/MalteGDT_sorted_gdt.h5ad,data/datasets/MalteGDT/processed/artifacts/MalteGDT_sorted_gdt.h5ad,file,62,25268526,179862512,1776180240580661353
130,move_and_link,GSE144469,standalone_processed_h5ad,newdata/GSE144469_tnk_subset.h5ad,data/datasets/GSE144469/processed/artifacts/GSE144469_tnk_subset.h5ad,file,62,24977693,1536829723,1776182931236193057
131,move_and_link,GSE206325,standalone_processed_h5ad,newdata/GSE206325_integrated.h5ad,data/datasets/GSE206325/processed/artifacts/GSE206325_integrated.h5ad,file,62,24977945,4402854973,1776184031695910163
132,move_and_link,,legacy_download_root_artifact,downloads/GSE144469_scRNA_SRRs.txt,data/shared/legacy_download_root/GSE144469_scRNA_SRRs.txt,file,62,24683054,1164,1774269132249038928
133,move_and_link,,legacy_download_root_artifact,downloads/GSE161918_missing_SRRs.txt,data/shared/legacy_download_root/GSE161918_missing_SRRs.txt,file,62,24683060,4692,1774283489759276171
134,move_and_link,,legacy_download_root_artifact,downloads/GSE161918_scRNA_SRRs.txt,data/shared/legacy_download_root/GSE161918_scRNA_SRRs.txt,file,62,24683053,7296,1774269116755930673
135,move_and_link,,legacy_download_root_artifact,downloads/GSE168859_scRNA_SRRs.txt,data/shared/legacy_download_root/GSE168859_scRNA_SRRs.txt,file,62,24683051,2688,1774269114522915040
136,move_and_link,,legacy_download_root_artifact,downloads/GSE221776_scRNA_SRRs.txt,data/shared/legacy_download_root/GSE221776_scRNA_SRRs.txt,file,62,24683052,216,1774269115392921131
137,move_and_link,,legacy_download_root_artifact,downloads/__pycache__,data/shared/legacy_download_root/__pycache__,directory,62,24974026,4096,1770887770597706814
138,move_and_link,,legacy_download_root_artifact,downloads/continuous_download.log,data/shared/legacy_download_root/continuous_download.log,file,62,24683041,5078,1774266002892760018
139,move_and_link,,legacy_download_root_artifact,downloads/download.log,data/shared/legacy_download_root/download.log,file,62,24683029,4000,1774266794130264135
140,move_and_link,,legacy_download_root_artifact,downloads/download_10t_main.log,data/shared/legacy_download_root/download_10t_main.log,file,62,24683037,168914,1774266000478738811
141,move_and_link,,legacy_download_root_artifact,downloads/download_168859_221776.log,data/shared/legacy_download_root/download_168859_221776.log,file,62,24683080,3168590,1774417584928628066
142,move_and_link,,legacy_download_root_artifact,downloads/download_168859_221776_main.log,data/shared/legacy_download_root/download_168859_221776_main.log,file,62,24683079,3168590,1774417584935628011
143,move_and_link,,legacy_download_root_artifact,downloads/download_GSE144469.log,data/shared/legacy_download_root/download_GSE144469.log,file,62,24683035,3383,1774245846860697976
144,move_and_link,,legacy_download_root_artifact,downloads/download_GSE161918_10t.log,data/shared/legacy_download_root/download_GSE161918_10t.log,file,62,24683038,68096,1774265998624722496
145,move_and_link,,legacy_download_root_artifact,downloads/download_GSE168859_10t.log,data/shared/legacy_download_root/download_GSE168859_10t.log,file,62,24683042,44316,1774265999587730974
146,move_and_link,,legacy_download_root_artifact,downloads/download_GSE221776_10t.log,data/shared/legacy_download_root/download_GSE221776_10t.log,file,62,24683043,25254,1774266000460738653
147,move_and_link,,legacy_download_root_artifact,downloads/download_fastq.log,data/shared/legacy_download_root/download_fastq.log,file,62,24683027,403,1774243727681152419
148,move_and_link,,legacy_download_root_artifact,downloads/download_main.log,data/shared/legacy_download_root/download_main.log,file,62,24683034,0,1774245841308587576
149,move_and_link,,legacy_download_root_artifact,downloads/download_prefetch.log,data/shared/legacy_download_root/download_prefetch.log,file,62,24683050,988,1774269061331540207
150,move_and_link,,legacy_download_root_artifact,downloads/download_prefetch_main.log,data/shared/legacy_download_root/download_prefetch_main.log,file,62,24683049,988,1774269061332540214
151,move_and_link,,legacy_download_root_artifact,downloads/download_remaining.log,data/shared/legacy_download_root/download_remaining.log,file,62,24683057,21790,1774269364945626062
152,move_and_link,,legacy_download_root_artifact,downloads/download_remaining_main.log,data/shared/legacy_download_root/download_remaining_main.log,file,62,24683056,21790,1774269364944626056
153,move_and_link,,legacy_download_root_artifact,downloads/download_scrna_only.log,data/shared/legacy_download_root/download_scrna_only.log,file,62,24683061,760948,1774284516189138615
154,move_and_link,,legacy_download_root_artifact,downloads/download_scrna_only_main.log,data/shared/legacy_download_root/download_scrna_only_main.log,file,62,24683059,64721,1774284516004136281
155,move_and_link,,legacy_download_root_artifact,downloads/download_selected.log,data/shared/legacy_download_root/download_selected.log,file,62,24683073,6518418,1774408682054998074
156,move_and_link,,legacy_download_root_artifact,downloads/download_selected_main.log,data/shared/legacy_download_root/download_selected_main.log,file,62,24683072,3143538,1774408682054998074
157,move_and_link,,legacy_download_root_artifact,downloads/download_simple.log,data/shared/legacy_download_root/download_simple.log,file,62,24683046,567721,1774268128564329246
158,move_and_link,,legacy_download_root_artifact,downloads/fix_gse221776.log,data/shared/legacy_download_root/fix_gse221776.log,file,62,24674843,2628,1771481243646168168
159,move_and_link,,legacy_download_root_artifact,downloads/fix_gse221776_nscls.log,data/shared/legacy_download_root/fix_gse221776_nscls.log,file,62,24682996,506,1771486521451746220
160,move_and_link,,legacy_download_root_artifact,downloads/fix_gse221776_script.log,data/shared/legacy_download_root/fix_gse221776_script.log,file,62,24674846,1984,1771481105524294008
161,move_and_link,,legacy_download_root_artifact,downloads/fix_gse221776_v2.log,data/shared/legacy_download_root/fix_gse221776_v2.log,file,62,24674844,2253,1771481173253721332
162,move_and_link,,legacy_download_root_artifact,downloads/gse_cell_gene_counts.csv,data/shared/legacy_download_root/gse_cell_gene_counts.csv,file,62,24682995,364,1771264420270625067
163,move_and_link,,legacy_download_root_artifact,downloads/gse_cell_gene_counts_all_cells.csv,data/shared/legacy_download_root/gse_cell_gene_counts_all_cells.csv,file,62,24674832,339,1771466491283552476
164,move_and_link,,legacy_download_root_artifact,downloads/gse_cell_gene_counts_final.csv,data/shared/legacy_download_root/gse_cell_gene_counts_final.csv,file,62,24674836,290,1771472802250991763
165,move_and_link,,legacy_download_root_artifact,downloads/gse_metadata_availability.csv,data/shared/legacy_download_root/gse_metadata_availability.csv,file,62,24674838,1341,1771474053361967301
166,move_and_link,,legacy_download_root_artifact,downloads/gse_metadata_availability_final.csv,data/shared/legacy_download_root/gse_metadata_availability_final.csv,file,62,24674839,1513,1771474359751722788
167,move_and_link,,legacy_download_root_artifact,downloads/gse_metadata_summary.csv,data/shared/legacy_download_root/gse_metadata_summary.csv,file,62,24674837,848,1771473955033421067
168,move_and_link,,legacy_download_root_artifact,downloads/gse_metadata_summary_final.csv,data/shared/legacy_download_root/gse_metadata_summary_final.csv,file,62,24682980,541,1771481475538772888
169,move_and_link,,legacy_download_root_artifact,downloads/gse_with_metadata.csv,data/shared/legacy_download_root/gse_with_metadata.csv,file,62,24682444,2269,1771218222564245193
170,move_and_link,,legacy_download_root_artifact,downloads/integration_all_cells.log,data/shared/legacy_download_root/integration_all_cells.log,file,62,24674751,24420,1771387687835528200
171,move_and_link,,legacy_download_root_artifact,downloads/per_gse_generation.log,data/shared/legacy_download_root/per_gse_generation.log,file,62,24674825,9959,1771388158317135125
172,move_and_link,,legacy_download_root_artifact,downloads/process_nsclc.log,data/shared/legacy_download_root/process_nsclc.log,file,62,24682998,250,1771482597415724310
173,move_and_link,,legacy_integration_output,downloads/scanpy_integration_output_all,data/shared/legacy_integration_outputs/scanpy_integration_output_all,directory,62,25005698,4096,1771231138504316453
174,move_and_link,,legacy_integration_output,downloads/scanpy_integration_output_all_cells_final,data/shared/legacy_integration_outputs/scanpy_integration_output_all_cells_final,directory,62,25232393,4096,1771387628014210082
175,move_and_link,,legacy_integration_output,downloads/scanpy_integration_output_all_cells_test,data/shared/legacy_integration_outputs/scanpy_integration_output_all_cells_test,directory,62,25134287,4096,1771386165632777039
176,move_and_link,,legacy_download_root_artifact,downloads/srr_gsm_mapping.csv,data/shared/legacy_download_root/srr_gsm_mapping.csv,file,62,24683067,19751,1774284924668507299
177,move_and_link,,legacy_download_root_artifact,downloads/srr_gsm_mapping.tsv,data/shared/legacy_download_root/srr_gsm_mapping.tsv,file,62,24683068,29,1774285022474384478
178,move_and_link,,legacy_download_root_artifact,downloads/srr_gsm_mapping_complete.tsv,data/shared/legacy_download_root/srr_gsm_mapping_complete.tsv,file,62,24683069,272282,1774284994620139422
179,move_and_link,,legacy_download_root_artifact,downloads/srr_to_gsm_map.tsv,data/shared/legacy_download_root/srr_to_gsm_map.tsv,file,62,24683071,32223,1774285044067572050
180,move_and_link,,legacy_download_root_artifact,downloads/srr_to_gsm_mapping.txt,data/shared/legacy_download_root/srr_to_gsm_mapping.txt,file,62,24683066,2940,1774284905810332473
181,move_and_link,,legacy_integration_output,downloads/tcr_integration_output_all,data/shared/legacy_integration_outputs/tcr_integration_output_all,directory,62,25198984,4096,1770901369118013784
182,move_and_link,,legacy_download_root_artifact,downloads/tcr_merge_summary.csv,data/shared/legacy_download_root/tcr_merge_summary.csv,file,62,24683006,623,1771483292820287363
183,move_and_link,,legacy_preintegration_shared_artifact,analysis_26GSE_V4/__pycache__,data/shared/preintegration/analysis_26GSE_V4/__pycache__,directory,62,25232129,4096,1771233617839084426
184,move_and_link,,legacy_preintegration_shared_artifact,analysis_26GSE_V4/logs,data/shared/preintegration/analysis_26GSE_V4/logs,directory,62,24938439,4096,1771214505722836019
185,move_and_link,,legacy_preintegration_shared_artifact,analysis_26GSE_V4/manifests,data/shared/preintegration/analysis_26GSE_V4/manifests,directory,62,25075921,4096,1771210487469186327
186,move_and_link,,legacy_preintegration_shared_artifact,analysis_26GSE_V4/meta_harmonization.json,data/shared/preintegration/analysis_26GSE_V4/meta_harmonization.json,file,62,24938444,3904,1771524159698752589
187,move_and_link,,legacy_preintegration_shared_artifact,analysis_26GSE_V4/metadata_from_rds,data/shared/preintegration/analysis_26GSE_V4/metadata_from_rds,directory,62,25232144,4096,1771223610021315025
188,move_and_link,,legacy_preintegration_shared_artifact,analysis_26GSE_V4/outputs,data/shared/preintegration/analysis_26GSE_V4/outputs,directory,62,25199107,4096,1774467298386376198
189,move_and_link,,legacy_preintegration_shared_artifact,analysis_26GSE_V4/reports,data/shared/preintegration/analysis_26GSE_V4/reports,directory,62,25232127,4096,1773945380864849104
190,move_and_link,,legacy_preintegration_shared_artifact,analysis_26GSE_V4/scripts,data/shared/preintegration/analysis_26GSE_V4/scripts,directory,62,25232137,4096,1784109384301924744
191,move_and_link,,legacy_preintegration_shared_artifact,analysis_26GSE_V4/status,data/shared/preintegration/analysis_26GSE_V4/status,directory,62,25075922,4096,1771210347559410903
