cohort_id,cohort_key,cohort_name,primary_accession,gex_accessions,vdj_accessions,publication_ids,bioproject_ids,technology,default_tissue,default_diagnosis,builder_adapter,tcr_schema,canonical_tcr_flags,count_provenance,sparse_counts,preserve_raw_counts,intake_role,holdout_type,sealed,stage_enabled,build_enabled,duplicate_of,exclusion_reason,notes
GSE114724,azizi_2018_breast_tcell,"Breast tumor, normal tissue, blood, and lymph-node T cells",GSE114724,GSE114724,GSE114724,PMID:29961579,PRJNA472381,10x_5prime,mixed,breast_cancer,tenx_gex_vdj,productive_contigs,has_TRA;has_TRB;has_TRG;has_TRD;has_TRA_TRB_paired;has_TRG_TRD_paired;has_any_ab_tcr;has_any_gd_tcr,publisher_processed_raw_integer_counts,true,true,extension_candidate,none,false,true,true,,,GEX and VDJ samples are one biological cohort.
GSE121636_GSE121637,borcherding_2021_rcc_tnk,"Renal clear-cell carcinoma tumor and matched blood immune cells",GSE121636,GSE121636,GSE121637,PMID:33504936,PRJNA497905;PRJNA497906,10x_5prime,mixed,renal_clear_cell_carcinoma,tenx_gex_vdj,productive_contigs,has_TRA;has_TRB;has_TRG;has_TRD;has_TRA_TRB_paired;has_TRG_TRD_paired;has_any_ab_tcr;has_any_gd_tcr,publisher_processed_raw_integer_counts,true,true,sealed_mixed_t_nk_holdout,mixed_t_nk,true,true,true,,,GSE121636 GEX and GSE121637 VDJ are one sealed biological holdout cohort.
GSE159251,pauken_2021_melanoma_cd8,"Melanoma tumor and paired blood CD8 T cells",GSE159251,GSE159251,GSE159251,PMID:33651880,PRJNA668142,10x_5prime,mixed,metastatic_melanoma,gse159251_double_gzip_rds,partial_embedded_tra_trb_cdr3,has_TRA;has_TRB;has_TRG;has_TRD;has_TRA_TRB_paired;has_TRG_TRD_paired;has_any_ab_tcr;has_any_gd_tcr,publisher_seurat_integer_counts_slot,true,true,extension_candidate,none,false,true,true,,,Embedded TCR value is TRA_CDR3|TRB_CDR3; V/D/J/NT/read/UMI detail is unavailable and must remain blank.
GSE169246,zhang_2021_tnbc_atezolizumab,"Longitudinal TNBC blood and tumor immune cells",GSE169246,GSE169246,,PMID:34653365;DOI:10.1016/j.ccell.2021.09.010,PRJNA715775,10x_5prime,mixed,triple_negative_breast_cancer,gse169246_processed_h5ad,partial_embedded_paired_tra_trb_cdr3,has_TRA;has_TRB;has_TRG;has_TRD;has_TRA_TRB_paired;has_TRG_TRD_paired;has_any_ab_tcr;has_any_gd_tcr,user_selected_processed_tnk_sparse_integer_counts,true,true,extension_candidate_pending_phase0,none,false,false,false,,,Use the checksum-pinned canonical copy of TNK_cleaned.h5ad selected by the user; standalone harmonization and QC are required before enabling stage/build or integration.
GSE292700,liao_2026_luad_brca,"BRCA1/2-mutant LUAD tumor, adjacent tissue, and blood",GSE292700,GSE292700,GSE292700,PMID:42189716,PRJNA1240965,10x_5prime,mixed,lung_adenocarcinoma,tenx_gex_vdj,productive_contigs,has_TRA;has_TRB;has_TRG;has_TRD;has_TRA_TRB_paired;has_TRG_TRD_paired;has_any_ab_tcr;has_any_gd_tcr,publisher_processed_raw_integer_counts,true,true,extension_candidate,none,false,true,true,,,Matched GEX and TCR samples are one biological cohort.
GSE294273_GSE294274,pan_2026_melanoma_ln_tcell,Melanoma lymph-node metastasis paired GEX and scTCR cohort,GSE294273,GSE294273,GSE294274,DOI:10.1038/s41467-026-74076-y,PRJNA1248923;PRJNA1248926,10x_5prime,lymph_node_metastasis,melanoma,tenx_gex_vdj,productive_contigs,has_TRA;has_TRB;has_TRG;has_TRD;has_TRA_TRB_paired;has_TRG_TRD_paired;has_any_ab_tcr;has_any_gd_tcr,publisher_processed_raw_integer_counts,true,true,extension_candidate,none,false,true,true,,,GSE294273 scRNA and GSE294274 scTCR are one biological cohort of melanoma lymph-node metastases; pair HM sample IDs across accessions.
GSE296954,sievers_2026_hnscc_tcell,"Pre/post neoadjuvant HNSCC tumor-infiltrating T cells",GSE296954,GSE296954,GSE296954,,PRJNA1261988,10x_5prime,tumor,head_and_neck_squamous_cell_carcinoma,tenx_gex_vdj,productive_contigs,has_TRA;has_TRB;has_TRG;has_TRD;has_TRA_TRB_paired;has_TRG_TRD_paired;has_any_ab_tcr;has_any_gd_tcr,publisher_processed_raw_integer_counts,true,true,extension_candidate,none,false,true,true,,,Matched scRNA and scVDJ libraries are one biological cohort.
GSE315928,wright_2026_gastric_tcell,"Longitudinal gastric cancer paired scRNA/TCR T cells",GSE315928,GSE315928,GSE315928,,PRJNA1399965,10x_5prime,tumor,gastric_cancer,gse315928_embedded_airr,embedded_airr_tra_trb,has_TRA;has_TRB;has_TRG;has_TRD;has_TRA_TRB_paired;has_TRG_TRD_paired;has_any_ab_tcr;has_any_gd_tcr,publisher_h5ad_integer_counts,true,true,sealed_abt_negative_holdout,abt_negative,true,true,true,,,Map embedded AIRR TRA/TRB into canonical fields; this cohort is sealed against training or threshold selection.
TAN2021_GDT_DUPLICATE,tan_2021_fetal_wave_gdt,GDT_2020AUG_woCOV / Tan et al. 2021,GDT_2020AUG_woCOV,GDT_2020AUG_woCOV,,PMID:33893173;DOI:10.1126/sciimmunol.abf0125,,local_external,unknown,healthy,gdt_2020_duplicate_exclusion,canonical,has_TRA;has_TRB;has_TRG;has_TRD;has_TRA_TRB_paired;has_TRG_TRD_paired;has_any_ab_tcr;has_any_gd_tcr,existing_canonical_dataset,true,true,excluded_duplicate,none,false,false,false,GDT_2020AUG_woCOV,Already registered and active as GDT_2020AUG_woCOV,Explicitly excluded: do not re-import Tan et al. 2021.
